Dec 11 2014 01: +0,2.521,1249
Dec 12 2014 01: +0,0.784,2116860
Dec 13 2014 01: +0,4.045,11038
Dec 14 2014 01: +0,4.651,149886
Dec 15 2014 01: +0,5.842,147895
Dec 16 2014 01: +0,8.605,132654
Dec 17 2014 01: +0,7.991,123829
Dec 18 2014 01: +0,7.004,99320
Dec 19 2014 01: +0,3.889,29249
Dec 20 2014 01: +0,3.582,18062
Dec 21 2014 01: +0,3.431,17325
Dec 22 2014 01: +0,3.489,12059
Dec 23 2014 01: +0,3.446,11558
Dec 24 2014 01: +0,3.457,8672
Dec 25 2014 01: +0,3.474,9273
Dec 26 2014 01: +0,3.525,9769
Dec 27 2014 01: +0,3.513,9433
Dec 28 2014 01: +0,3.533,9133
Dec 29 2014 01: +0,3.497,9386
Dec 30 2014 01: +0,3.483,9352
Dec 31 2014 01: +0,3.415,8748
Jan 01 2015 01: +0,3.37,9311
Jan 02 2015 01: +0,3.386,12612
Jan 03 2015 01: +0,3.769,4949
Jan 04 2015 01: +0,3.695,5247
Jan 05 2015 01: +0,3.663,5073
Jan 06 2015 01: +0,3.671,4288
Jan 07 2015 01: +0,4.166,6611
Jan 08 2015 01: +0,3.962,4637
Jan 09 2015 01: +0,3.998,5827
Jan 10 2015 01: +0,3.941,5838
Jan 11 2015 01: +0,3.911,5543
Jan 12 2015 01: +0,3.869,5597
Jan 13 2015 01: +0,3.885,7688
Jan 14 2015 01: +0,3.895,6592
Jan 15 2015 01: +0,3.895,9144
Jan 16 2015 01: +0,3.863,7785
Jan 17 2015 01: +0,3.867,8991
Jan 18 2015 01: +0,3.872,8735
Jan 19 2015 01: +0,3.819,9318
Jan 20 2015 01: +0,3.866,10602
Jan 21 2015 01: +0,4.015,5909
Jan 22 2015 01: +0,3.963,7435
Jan 23 2015 01: +0,3.925,8965
Jan 24 2015 01: +0,4.037,12114
Jan 25 2015 01: +0,4.054,15441
Jan 26 2015 01: +0,4.084,11894
Jan 27 2015 01: +0,4.206,11077
Jan 28 2015 01: +0,4.274,13705
Jan 29 2015 01: +0,4.126,10483
Jan 30 2015 01: +0,4.124,14572
Jan 31 2015 01: +0,4.109,16100
Feb 01 2015 01: +0,4.076,14885
Feb 02 2015 01: +0,4.223,13313
Feb 03 2015 01: +0,4.065,8632
Feb 04 2015 01: +0,3.969,8632
Feb 05 2015 01: +0,4.356,14931
Feb 06 2015 01: +0,4.714,5720
Feb 07 2015 01: +0,4.737,5519
Feb 08 2015 01: +0,4.651,6286
Feb 09 2015 01: +0,4.753,9042
Feb 10 2015 01: +0,4.805,5456
Feb 11 2015 01: +0,4.834,5824
Feb 12 2015 01: +0,4.848,4242
Feb 13 2015 01: +0,4.83,7539
Feb 14 2015 01: +0,4.799,6347
Feb 15 2015 01: +0,4.941,7274
Feb 16 2015 01: +0,4.679,6663
Feb 17 2015 01: +0,4.624,9924
Feb 18 2015 01: +0,4.839,6355
Feb 19 2015 01: +0,5.121,6492
Feb 20 2015 01: +0,4.866,3874
Feb 21 2015 01: +0,4.792,4980
Feb 22 2015 01: +0,4.726,5707
Feb 23 2015 01: +0,4.842,9344
Feb 24 2015 01: +0,4.982,10049
Feb 25 2015 01: +0,4.968,8129
Feb 26 2015 01: +0,5.172,16068
Feb 27 2015 01: +0,5.216,14752
Feb 28 2015 01: +0,5.332,17255
Mar 01 2015 01: +0,5.515,16368
Mar 02 2015 01: +0,5.446,15842
Mar 03 2015 01: +0,5.401,25289
Mar 04 2015 01: +0,5.779,28479
Mar 05 2015 01: +0,6.24,35378
Mar 06 2015 01: +0,6.194,20397
Mar 07 2015 01: +0,6.155,24388
Mar 08 2015 01: +0,6.078,24684
Mar 09 2015 01: +0,6.145,33682
Mar 10 2015 01: +0,6.192,32957
Mar 11 2015 01: +0,6.641,37845
Mar 12 2015 01: +0,6.436,22351
Mar 13 2015 01: +0,6.885,33459
Mar 14 2015 01: +0,6.535,23447
Mar 15 2015 01: +0,6.112,18749
Mar 16 2015 01: +0,6.013,31037
Mar 17 2015 01: +0,6.14,20057
Mar 18 2015 01: +0,5.52,7258
Mar 19 2015 01: +0,4.799,2481
Mar 20 2015 01: +0,4.743,2271
Mar 21 2015 01: +0,4.998,1597
Mar 22 2015 01: +0,5.434,1788
Mar 23 2015 01: +0,5.43,1153
Mar 24 2015 01: +0,5.295,1283
Mar 25 2015 01: +0,5.378,1441
Mar 26 2015 01: +0,5.323,1347
Mar 27 2015 01: +0,5.324,1503
Mar 28 2015 01: +0,5.323,1479
Mar 29 2015 01: +0,5.279,1842
Mar 30 2015 01: +0,5.235,1880
Mar 31 2015 01: +0,5.124,1865
Apr 01 2015 01: +0,5.134,1352
Apr 02 2015 01: +0,5.12,1936
Apr 03 2015 01: +0,5.093,1773
Apr 04 2015 01: +0,5.002,1990
Apr 05 2015 01: +0,4.956,1785
Apr 06 2015 01: +0,5.224,2695
Apr 07 2015 01: +0,4.998,1621
Apr 08 2015 01: +0,5.096,1607
Apr 09 2015 01: +0,5.089,1959
Apr 10 2015 01: +0,5.362,1582
Apr 11 2015 01: +0,5.099,2641
Apr 12 2015 01: +0,5.065,1815
Apr 13 2015 01: +0,5.038,1688
Apr 14 2015 01: +0,5.04,1347
Apr 15 2015 01: +0,5.062,1267
Apr 16 2015 01: +0,5.079,1574
Apr 17 2015 01: +0,5.015,1483
Apr 18 2015 01: +0,4.915,1892
Apr 19 2015 01: +0,4.834,1698
Apr 20 2015 01: +0,4.811,1450
Apr 21 2015 01: +0,4.804,1679
Apr 22 2015 01: +0,5.054,1223
Apr 23 2015 01: +0,4.88,1526
Apr 24 2015 01: +0,4.831,1132
Apr 25 2015 01: +0,4.842,1548
Apr 26 2015 01: +0,4.844,1329
Apr 27 2015 01: +0,4.882,1086
Apr 28 2015 01: +0,4.843,1239
Apr 29 2015 01: +0,4.897,1256
Apr 30 2015 01: +0,4.843,1454
May 01 2015 01: +0,4.395,5683
May 02 2015 01: +0,4.875,1566
May 03 2015 01: +0,4.829,2156
May 04 2015 01: +0,4.828,1340
May 05 2015 01: +0,4.854,1498
May 06 2015 01: +0,4.908,1265
May 07 2015 01: +0,4.898,1189
May 08 2015 01: +0,5.069,2276
May 09 2015 01: +0,5.149,2286
May 10 2015 01: +0,4.848,1658
May 11 2015 01: +0,4.804,1417
May 12 2015 01: +0,4.779,1448
May 13 2015 01: +0,4.828,1187
May 14 2015 01: +0,4.846,1484
May 15 2015 01: +0,4.804,1437
May 16 2015 01: +0,4.786,1896
May 17 2015 01: +0,4.841,1575
May 18 2015 01: +0,4.87,1341
May 19 2015 01: +0,4.892,1366
May 20 2015 01: +0,4.836,1168
May 21 2015 01: +0,4.88,1805
May 22 2015 01: +0,4.915,1651
May 23 2015 01: +0,5.041,1603
May 24 2015 01: +0,5.031,1328
May 25 2015 01: +0,4.912,1728
May 26 2015 01: +0,4.909,1535
May 27 2015 01: +0,4.844,1888
May 28 2015 01: +0,4.905,1408
May 29 2015 01: +0,4.973,1884
May 30 2015 01: +0,5.04,2268
May 31 2015 01: +0,5.22,2010
Jun 01 2015 01: +0,5.521,2169
Jun 02 2015 01: +0,5.936,2662
Jun 03 2015 01: +0,5.819,1967
Jun 04 2015 01: +0,5.649,1907
Jun 05 2015 01: +0,5.514,1599
Jun 06 2015 01: +0,5.4,1623
Jun 07 2015 01: +0,5.483,1694
Jun 08 2015 01: +0,5.533,1772
Jun 09 2015 01: +0,6.429,1553
Jun 10 2015 01: +0,5.575,1809
Jun 11 2015 01: +0,5.525,3791
Jun 12 2015 01: +0,4.815,3630
Jun 13 2015 01: +0,4.808,2861
Jun 14 2015 01: +0,4.712,3456
Jun 15 2015 01: +0,4.522,2541
Jun 16 2015 01: +0,4.471,2926
Jun 17 2015 01: +0,4.482,2616
Jun 18 2015 01: +0,4.42,2681
Jun 19 2015 01: +0,4.391,3216
Jun 20 2015 01: +0,4.463,4045
Jun 21 2015 01: +0,4.45,6409
Jun 22 2015 01: +0,4.557,3851
Jun 23 2015 01: +0,4.631,1922
Jun 24 2015 01: +0,4.564,2518
Jun 25 2015 01: +0,4.615,2016
Jun 26 2015 01: +0,4.587,2156
Jun 27 2015 01: +0,4.574,2790
Jun 28 2015 01: +0,4.48,2418
Jun 29 2015 01: +0,4.434,2454
Jun 30 2015 01: +0,4.482,1851
Jul 01 2015 01: +0,4.503,1832
Jul 02 2015 01: +0,4.488,2249
Jul 03 2015 01: +0,4.485,1843
Jul 04 2015 01: +0,4.477,1726
Jul 05 2015 01: +0,4.477,1898
Jul 06 2015 01: +0,4.486,2065
Jul 07 2015 01: +0,4.453,1851
Jul 08 2015 01: +0,4.475,1892
Jul 09 2015 01: +0,4.452,1644
Jul 10 2015 01: +0,4.507,1813
Jul 11 2015 01: +0,4.533,1639
Jul 12 2015 01: +0,4.57,1704
Jul 13 2015 01: +0,4.675,1765
Jul 14 2015 01: +0,4.502,1336
Jul 15 2015 01: +0,4.521,1466
Jul 16 2015 01: +0,4.535,1664
Jul 17 2015 01: +0,4.544,1606
Jul 18 2015 01: +0,4.727,1826
Jul 19 2015 01: +0,4.54,1782
Jul 20 2015 01: +0,4.505,1612
Jul 21 2015 01: +0,4.514,1823
Jul 22 2015 01: +0,4.553,1400
Jul 23 2015 01: +0,4.566,2019
Jul 24 2015 01: +0,4.526,1529
Jul 25 2015 01: +0,4.573,1418
Jul 26 2015 01: +0,4.587,1548
Jul 27 2015 01: +0,4.555,1849
Jul 28 2015 01: +0,4.738,1773
Jul 29 2015 01: +0,4.729,1692
Jul 30 2015 01: +0,4.768,1618
Jul 31 2015 01: +0,4.584,1447
Aug 01 2015 01: +0,4.626,1540
Aug 02 2015 01: +0,4.749,1495
Aug 03 2015 01: +0,4.741,1386
Aug 04 2015 01: +0,4.767,1813
Aug 05 2015 01: +0,4.899,1741
Aug 06 2015 01: +0,4.86,1278
Aug 07 2015 01: +0,5.007,1704
Aug 08 2015 01: +0,4.803,1719
Aug 09 2015 01: +0,4.819,1690
Aug 10 2015 01: +0,4.804,1745
Aug 11 2015 01: +0,4.816,1830
Aug 12 2015 01: +0,4.77,1534
Aug 13 2015 01: +0,4.94,1971
Aug 14 2015 01: +0,5.183,1751
Aug 15 2015 01: +0,4.867,1716
Aug 16 2015 01: +0,4.855,1450
Aug 17 2015 01: +0,4.936,2577
Aug 18 2015 01: +0,5.071,1858
Aug 19 2015 01: +0,5.218,1745
Aug 20 2015 01: +0,5.267,1495
Aug 21 2015 01: +0,5.164,1401
Aug 22 2015 01: +0,5.141,1883
Aug 23 2015 01: +0,4.955,3219
Aug 24 2015 01: +0,4.859,1939
Aug 25 2015 01: +0,4.995,1409
Aug 26 2015 01: +0,4.914,1276
Aug 27 2015 01: +0,4.964,1197
Aug 28 2015 01: +0,4.907,1117
Aug 29 2015 01: +0,5.401,1883
Aug 30 2015 01: +0,4.889,1667
Aug 31 2015 01: +0,5.25,2068
Sep 01 2015 01: +0,4.825,1676
Sep 02 2015 01: +0,5.147,1621
Sep 03 2015 01: +0,4.923,1018
Sep 04 2015 01: +0,5.089,1192
Sep 05 2015 01: +0,5.096,1413
Sep 06 2015 01: +0,5.255,1701
Sep 07 2015 01: +0,5.227,1462
Sep 08 2015 01: +0,4.873,1110
Sep 09 2015 01: +0,4.932,1082
Sep 10 2015 01: +0,5.126,1363
Sep 11 2015 01: +0,4.989,1401
Sep 12 2015 01: +0,5.15,1591
Sep 13 2015 01: +0,4.922,1567
Sep 14 2015 01: +0,4.91,1568
Sep 15 2015 01: +0,5.058,1153
Sep 16 2015 01: +0,5.411,1068
Sep 17 2015 01: +0,5.128,987
Sep 18 2015 01: +0,5.497,1042
Sep 19 2015 01: +0,5.003,1621
Sep 20 2015 01: +0,4.965,1708
Sep 21 2015 01: +0,4.895,1703
Sep 22 2015 01: +0,5.036,1846
Sep 23 2015 01: +0,4.904,1431
Sep 24 2015 01: +0,4.931,1278
Sep 25 2015 01: +0,4.879,1422
Sep 26 2015 01: +0,4.913,1698
Sep 27 2015 01: +0,4.879,1769
Sep 28 2015 01: +0,5.067,1914
Sep 29 2015 01: +0,4.873,1465
Sep 30 2015 01: +0,4.86,1610
Oct 01 2015 01: +0,4.89,1556
Oct 02 2015 01: +0,4.897,1564
Oct 03 2015 01: +0,4.861,1760
Oct 04 2015 01: +0,4.924,1377
Oct 05 2015 01: +0,4.899,1419
Oct 06 2015 01: +0,5.136,1421
Oct 07 2015 01: +0,5.02,1295
Oct 08 2015 01: +0,5.089,1191
Oct 09 2015 01: +0,5.099,1220
Oct 10 2015 01: +0,5.141,1243
Oct 11 2015 01: +0,5.293,1532
Oct 12 2015 01: +0,5.006,1391
Oct 13 2015 01: +0,4.982,1246
Oct 14 2015 01: +0,4.954,1794
Oct 15 2015 01: +0,5.444,1289
Oct 16 2015 01: +0,5.189,1009
Oct 17 2015 01: +0,5.324,2359
Oct 18 2015 01: +0,5.11,1303
Oct 19 2015 01: +0,5.195,1227
Oct 20 2015 01: +0,5.106,1503
Oct 21 2015 01: +0,5.1,1398
Oct 22 2015 01: +0,5.074,1387
Oct 23 2015 01: +0,5.28,1452
Oct 24 2015 01: +0,5.08,1644
Oct 25 2015 01: +0,5.056,1633
Oct 26 2015 01: +0,5.054,1346
Oct 27 2015 01: +0,5.475,1789
Oct 28 2015 01: +0,4.979,1471
Oct 29 2015 01: +0,5.107,1514
Oct 30 2015 01: +0,5.045,1840
Oct 31 2015 01: +0,5.034,1969
Nov 01 2015 01: +0,5.01,2041
Nov 02 2015 01: +0,4.981,1609
Nov 03 2015 01: +0,5.199,2109
Nov 04 2015 01: +0,5.031,1446
Nov 05 2015 01: +0,5.117,1640
Nov 06 2015 01: +0,5.236,1934
Nov 07 2015 01: +0,4.983,2074
Nov 08 2015 01: +0,5.073,1709
Nov 09 2015 01: +0,5.132,1450
Nov 10 2015 01: +0,5.213,1429
Nov 11 2015 01: +0,5.188,1341
Nov 12 2015 01: +0,5.396,1731
Nov 13 2015 01: +0,5.366,1610
Nov 14 2015 01: +0,5.57,1746
Nov 15 2015 01: +0,5.179,1495
Nov 16 2015 01: +0,5.183,1512
Nov 17 2015 01: +0,5.2,1221
Nov 18 2015 01: +0,5.238,1009
Nov 19 2015 01: +0,5.292,1355
Nov 20 2015 01: +0,5.329,1029
Nov 21 2015 01: +0,5.519,1698
Nov 22 2015 01: +0,5.281,1544
Nov 23 2015 01: +0,5.567,1517
Nov 24 2015 01: +0,5.346,1186
Nov 25 2015 01: +0,5.228,2070
Nov 26 2015 01: +0,5.29,2394
Nov 27 2015 01: +0,5.334,1655
Nov 28 2015 01: +0,5.277,1941
Nov 29 2015 01: +0,5.307,1915
Nov 30 2015 01: +0,5.279,1756
Dec 01 2015 01: +0,5.243,1733
Dec 02 2015 01: +0,5.377,1468
Dec 03 2015 01: +0,5.47,1582
Dec 04 2015 01: +0,5.488,1524
Dec 05 2015 01: +0,5.584,1305
Dec 06 2015 01: +0,5.535,1870
Dec 07 2015 01: +0,5.535,1679
Dec 08 2015 01: +0,5.618,1319
Dec 09 2015 01: +0,5.614,1753
Dec 10 2015 01: +0,6.049,2552
Dec 11 2015 01: +0,5.661,1708
Dec 12 2015 01: +0,5.646,2175
Dec 13 2015 01: +0,5.801,2360
Dec 14 2015 01: +0,5.895,2073
Dec 15 2015 01: +0,5.758,1506
Dec 16 2015 01: +0,5.8,1376
Dec 17 2015 01: +0,5.824,1312
Dec 18 2015 01: +0,5.754,1628
Dec 19 2015 01: +0,5.809,1738
Dec 20 2015 01: +0,5.753,1697
Dec 21 2015 01: +0,5.451,2004
Dec 22 2015 01: +0,5.187,3441
Dec 23 2015 01: +0,4.81,3575
Dec 24 2015 01: +0,4.735,3103
Dec 25 2015 01: +0,4.761,2637
Dec 26 2015 01: +0,5.032,2596
Dec 27 2015 01: +0,5.045,2906
Dec 28 2015 01: +0,5.136,2949
Dec 29 2015 01: +0,5.207,2958
Dec 30 2015 01: +0,5.078,3384
Dec 31 2015 01: +0,4.948,2688
Jan 01 2016 01: +0,4.967,3313
Jan 02 2016 01: +0,4.871,3552
Jan 03 2016 01: +0,4.837,4098
Jan 04 2016 01: +0,4.79,4046
Jan 05 2016 01: +0,4.904,2660
Jan 06 2016 01: +0,4.972,2332
Jan 07 2016 01: +0,4.914,2399
Jan 08 2016 01: +0,4.901,2959
Jan 09 2016 01: +0,4.899,3013
Jan 10 2016 01: +0,4.914,3316
Jan 11 2016 01: +0,4.88,2518
Jan 12 2016 01: +0,4.867,2672
Jan 13 2016 01: +0,4.92,1943
Jan 14 2016 01: +0,4.947,2392
Jan 15 2016 01: +0,4.901,1947
Jan 16 2016 01: +0,4.889,2294
Jan 17 2016 01: +0,4.948,2089
Jan 18 2016 01: +0,4.927,1725
Jan 19 2016 01: +0,4.91,1980
Jan 20 2016 01: +0,4.892,1553
Jan 21 2016 01: +0,4.856,1876
Jan 22 2016 01: +0,5.058,2553
Jan 23 2016 01: +0,4.935,1410
Jan 24 2016 01: +0,4.875,1783
Jan 25 2016 01: +0,4.848,1524
Jan 26 2016 01: +0,4.876,1584
Jan 27 2016 01: +0,5.127,1580
Jan 28 2016 01: +0,4.963,1386
Jan 29 2016 01: +0,4.974,1390
Jan 30 2016 01: +0,4.938,1442
Jan 31 2016 01: +0,4.934,1530
Feb 01 2016 01: +0,4.938,1585
Feb 02 2016 01: +0,4.904,1781
Feb 03 2016 01: +0,5.511,1952
Feb 04 2016 01: +0,4.98,1290
Feb 05 2016 01: +0,5.004,1407
Feb 06 2016 01: +0,4.933,1898
Feb 07 2016 01: +0,4.865,1905
Feb 08 2016 01: +0,4.833,1768
Feb 09 2016 01: +0,4.834,1568
Feb 10 2016 01: +0,4.853,1407
Feb 11 2016 01: +0,5.407,2001
Feb 12 2016 01: +0,4.796,2033
Feb 13 2016 01: +0,4.846,1857
Feb 14 2016 01: +0,4.876,1830
Feb 15 2016 01: +0,4.919,1535
Feb 16 2016 01: +0,5.016,1705
Feb 17 2016 01: +0,5.151,1146
Feb 18 2016 01: +0,5.079,2205
Feb 19 2016 01: +0,5.113,1600
Feb 20 2016 01: +0,5.184,2271
Feb 21 2016 01: +0,5.249,1639
Feb 22 2016 01: +0,5.238,1411
Feb 23 2016 01: +0,5.467,2552
Feb 24 2016 01: +0,5.604,2251
Feb 25 2016 01: +0,5.67,2000
Feb 26 2016 01: +0,5.71,1603
Feb 27 2016 01: +0,5.679,1725
Feb 28 2016 01: +0,5.734,1728
Feb 29 2016 01: +0,5.762,1363
Mar 01 2016 01: +0,5.76,1200
Mar 02 2016 01: +0,5.761,1307
Mar 03 2016 01: +0,5.731,1309
Mar 04 2016 01: +0,5.985,1621
Mar 05 2016 01: +0,5.683,1298
Mar 06 2016 01: +0,5.62,1639
Mar 07 2016 01: +0,5.504,1404
Mar 08 2016 01: +0,5.464,1440
Mar 09 2016 01: +0,5.516,1200
Mar 10 2016 01: +0,5.859,1344
Mar 11 2016 01: +0,5.69,1286
Mar 12 2016 01: +0,5.814,1439
Mar 13 2016 01: +0,5.891,1267
Mar 14 2016 01: +0,5.874,1594
Mar 15 2016 01: +0,5.88,1378
Mar 16 2016 01: +0,5.936,1322
Mar 17 2016 01: +0,6.05,1336
Mar 18 2016 01: +0,6.464,1317
Mar 19 2016 01: +0,6.265,1030
Mar 20 2016 01: +0,6.261,1167
Mar 21 2016 01: +0,6.258,1084
Mar 22 2016 01: +0,6.399,1259
Mar 23 2016 01: +0,6.529,955
Mar 24 2016 01: +0,6.57,1160
Mar 25 2016 01: +0,6.477,1038
Mar 26 2016 01: +0,6.558,1165
Mar 27 2016 01: +0,6.465,851
Mar 28 2016 01: +0,6.443,991
Mar 29 2016 01: +0,6.483,1035
Mar 30 2016 01: +0,6.438,976
Mar 31 2016 01: +0,6.439,1074
Apr 01 2016 01: +0,6.718,1553
Apr 02 2016 01: +0,6.683,1196
Apr 03 2016 01: +0,6.824,1976
Apr 04 2016 01: +0,6.365,1433
Apr 05 2016 01: +0,6.313,1140
Apr 06 2016 01: +0,6.861,2035
Apr 07 2016 01: +0,6.469,826
Apr 08 2016 01: +0,6.513,962
Apr 09 2016 01: +0,6.552,848
Apr 10 2016 01: +0,6.588,1428
Apr 11 2016 01: +0,6.609,960
Apr 12 2016 01: +0,6.736,999
Apr 13 2016 01: +0,6.8,966
Apr 14 2016 01: +0,6.887,1484
Apr 15 2016 01: +0,6.985,874
Apr 16 2016 01: +0,6.924,1178
Apr 17 2016 01: +0,7.239,1366
Apr 18 2016 01: +0,7.029,900
Apr 19 2016 01: +0,7.049,800
Apr 20 2016 01: +0,7.252,1021
Apr 21 2016 01: +0,7.292,891
Apr 22 2016 01: +0,7.367,861
Apr 23 2016 01: +0,7.528,966
Apr 24 2016 01: +0,7.507,1194
Apr 25 2016 01: +0,7.468,1118
Apr 26 2016 01: +0,7.777,1091
Apr 27 2016 01: +0,7.568,1497
Apr 28 2016 01: +0,7.689,802
Apr 29 2016 01: +0,7.88,1299
Apr 30 2016 01: +0,7.587,1382
May 01 2016 01: +0,7.724,910
May 02 2016 01: +0,7.722,800
May 03 2016 01: +0,7.707,843
May 04 2016 01: +0,7.862,709
May 05 2016 01: +0,7.674,837
May 06 2016 01: +0,7.652,887
May 07 2016 01: +0,7.875,1062
May 08 2016 01: +0,7.596,778
May 09 2016 01: +0,7.621,737
May 10 2016 01: +0,7.64,882
May 11 2016 01: +0,7.64,863
May 12 2016 01: +0,7.697,812
May 13 2016 01: +0,7.853,777
May 14 2016 01: +0,7.719,970
May 15 2016 01: +0,7.71,864
May 16 2016 01: +0,7.721,798
May 17 2016 01: +0,7.669,947
May 18 2016 01: +0,8.009,855
May 19 2016 01: +0,7.574,953
May 20 2016 01: +0,7.433,562
May 21 2016 01: +0,7.456,960
May 22 2016 01: +0,7.42,775
May 23 2016 01: +0,7.368,1049
May 24 2016 01: +0,8.216,726
May 25 2016 01: +0,7.405,891
May 26 2016 01: +0,7.342,880
May 27 2016 01: +0,7.265,658
May 28 2016 01: +0,7.261,635
May 29 2016 01: +0,7.241,981
May 30 2016 01: +0,8.004,777
May 31 2016 01: +0,7.286,638
Jun 01 2016 01: +0,7.434,721
Jun 02 2016 01: +0,7.319,989
Jun 03 2016 01: +0,7.591,964
Jun 04 2016 01: +0,7.248,921
Jun 05 2016 01: +0,7.223,1099
Jun 06 2016 01: +0,7.254,718
Jun 07 2016 01: +0,7.264,716
Jun 08 2016 01: +0,7.354,901
Jun 09 2016 01: +0,7.309,795
Jun 10 2016 01: +0,7.162,1224
Jun 11 2016 01: +0,7.088,1078
Jun 12 2016 01: +0,7.144,1014
Jun 13 2016 01: +0,7.27,841
Jun 14 2016 01: +0,7.029,874
Jun 15 2016 01: +0,7,880
Jun 16 2016 01: +0,7.005,955
Jun 17 2016 01: +0,6.957,885
Jun 18 2016 01: +0,6.903,1075
Jun 19 2016 01: +0,6.949,1305
Jun 20 2016 01: +0,6.898,1072
Jun 21 2016 01: +0,7.006,1054
Jun 22 2016 01: +0,6.757,1036
Jun 23 2016 01: +0,6.841,2129
Jun 24 2016 01: +0,6.164,3035
Jun 25 2016 01: +0,6.131,1611
Jun 26 2016 01: +0,6.194,1641
Jun 27 2016 01: +0,6.152,1906
Jun 28 2016 01: +0,6.112,1964
Jun 29 2016 01: +0,6.122,1431
Jun 30 2016 01: +0,6.088,2216
Jul 01 2016 01: +0,5.976,1964
Jul 02 2016 01: +0,5.802,2360
Jul 03 2016 01: +0,5.801,2698
Jul 04 2016 01: +0,5.848,2941
Jul 05 2016 01: +0,5.955,1887
Jul 06 2016 01: +0,6.232,2059
Jul 07 2016 01: +0,6.033,2506
Jul 08 2016 01: +0,6.01,1673
Jul 09 2016 01: +0,5.96,2135
Jul 10 2016 01: +0,5.644,2620
Jul 11 2016 01: +0,5.579,1483
Jul 12 2016 01: +0,5.662,1484
Jul 13 2016 01: +0,5.863,1243
Jul 14 2016 01: +0,5.863,1190
Jul 15 2016 01: +0,5.89,1019
Jul 16 2016 01: +0,5.93,1137
Jul 17 2016 01: +0,5.906,1086
Jul 18 2016 01: +0,5.878,1136
Jul 19 2016 01: +0,5.876,1421
Jul 20 2016 01: +0,5.911,1326
Jul 21 2016 01: +0,5.928,1334
Jul 22 2016 01: +0,6.013,1161
Jul 23 2016 01: +0,6.301,2712
Jul 24 2016 01: +0,6.008,1262
Jul 25 2016 01: +0,5.994,1116
Jul 26 2016 01: +0,6.062,1452
Jul 27 2016 01: +0,6.151,950
Jul 28 2016 01: +0,6.287,1449
Jul 29 2016 01: +0,6.257,965
Jul 30 2016 01: +0,6.161,908
Jul 31 2016 01: +0,6.156,969
Aug 01 2016 01: +0,6.212,802
Aug 02 2016 01: +0,6.276,890
Aug 03 2016 01: +0,6.299,978
Aug 04 2016 01: +0,6.357,950
Aug 05 2016 01: +0,6.559,850
Aug 06 2016 01: +0,6.527,775
Aug 07 2016 01: +0,6.517,884
Aug 08 2016 01: +0,6.518,633
Aug 09 2016 01: +0,6.532,840
Aug 10 2016 01: +0,6.455,634
Aug 11 2016 01: +0,6.51,759
Aug 12 2016 01: +0,6.566,944
Aug 13 2016 01: +0,6.473,705
Aug 14 2016 01: +0,6.487,837
Aug 15 2016 01: +0,6.535,752
Aug 16 2016 01: +0,6.786,961
Aug 17 2016 01: +0,6.561,682
Aug 18 2016 01: +0,6.554,913
Aug 19 2016 01: +0,6.545,689
Aug 20 2016 01: +0,6.602,792
Aug 21 2016 01: +0,6.906,825
Aug 22 2016 01: +0,6.801,1081
Aug 23 2016 01: +0,6.526,735
Aug 24 2016 01: +0,6.608,1054
Aug 25 2016 01: +0,6.634,948
Aug 26 2016 01: +0,6.573,764
Aug 27 2016 01: +0,6.607,839
Aug 28 2016 01: +0,6.601,945
Aug 29 2016 01: +0,6.603,743
Aug 30 2016 01: +0,6.606,870
Aug 31 2016 01: +0,6.595,793
Sep 01 2016 01: +0,6.646,801
Sep 02 2016 01: +0,6.742,795
Sep 03 2016 01: +0,6.661,815
Sep 04 2016 01: +0,6.657,957
Sep 05 2016 01: +0,6.7,818
Sep 06 2016 01: +0,6.75,919
Sep 07 2016 01: +0,6.991,804
Sep 08 2016 01: +0,7.191,607
Sep 09 2016 01: +0,7.292,928
Sep 10 2016 01: +0,7.03,1011
Sep 11 2016 01: +0,7.018,986
Sep 12 2016 01: +0,7.088,900
Sep 13 2016 01: +0,7.112,934
Sep 14 2016 01: +0,7.176,873
Sep 15 2016 01: +0,7.16,740
Sep 16 2016 01: +0,7.183,958
Sep 17 2016 01: +0,7.253,1184
Sep 18 2016 01: +0,7.034,734
Sep 19 2016 01: +0,7.321,925
Sep 20 2016 01: +0,7.144,958
Sep 21 2016 01: +0,7.131,782
Sep 22 2016 01: +0,7.424,635
Sep 23 2016 01: +0,7.121,581
Sep 24 2016 01: +0,7.107,686
Sep 25 2016 01: +0,7.032,1142
Sep 26 2016 01: +0,7.022,701
Sep 27 2016 01: +0,7.325,907
Sep 28 2016 01: +0,7.284,899
Sep 29 2016 01: +0,7.286,564
Sep 30 2016 01: +0,6.976,771
Oct 01 2016 01: +0,7.012,687
Oct 02 2016 01: +0,7.077,790
Oct 03 2016 01: +0,7.115,922
Oct 04 2016 01: +0,7.244,812
Oct 05 2016 01: +0,7.264,768
Oct 06 2016 01: +0,7.417,881
Oct 07 2016 01: +0,7.414,949
Oct 08 2016 01: +0,7.22,907
Oct 09 2016 01: +0,7.225,863
Oct 10 2016 01: +0,8.026,942
Oct 11 2016 01: +0,7.47,692
Oct 12 2016 01: +0,7.106,652
Oct 13 2016 01: +0,7.089,702
Oct 14 2016 01: +0,7.074,833
Oct 15 2016 01: +0,7.096,652
Oct 16 2016 01: +0,7.06,731
Oct 17 2016 01: +0,7.071,621
Oct 18 2016 01: +0,7.156,785
Oct 19 2016 01: +0,7.066,618
Oct 20 2016 01: +0,7.126,750
Oct 21 2016 01: +0,7.2,716
Oct 22 2016 01: +0,7.022,789
Oct 23 2016 01: +0,7.006,900
Oct 24 2016 01: +0,7.584,917
Oct 25 2016 01: +0,7.383,590
Oct 26 2016 01: +0,8.034,647
Oct 27 2016 01: +0,8.111,671
Oct 28 2016 01: +0,6.862,837
Oct 29 2016 01: +0,6.774,817
Oct 30 2016 01: +0,6.986,812
Oct 31 2016 01: +0,6.927,613
Nov 01 2016 01: +0,6.655,608
Nov 02 2016 01: +0,7.463,465
Nov 03 2016 01: +0,7.019,506
Nov 04 2016 01: +0,7.014,571
Nov 05 2016 01: +0,6.799,797
Nov 06 2016 01: +0,6.732,799
Nov 07 2016 01: +0,6.754,661
Nov 08 2016 01: +0,6.776,716
Nov 09 2016 01: +0,8.343,1272
Nov 10 2016 01: +0,6.894,801
Nov 11 2016 01: +0,6.848,692
Nov 12 2016 01: +0,6.851,805
Nov 13 2016 01: +0,6.833,815
Nov 14 2016 01: +0,6.856,749
Nov 15 2016 01: +0,7.1,598
Nov 16 2016 01: +0,7.624,520
Nov 17 2016 01: +0,6.855,575
Nov 18 2016 01: +0,6.998,700
Nov 19 2016 01: +0,6.785,606
Nov 20 2016 01: +0,6.847,895
Nov 21 2016 01: +0,7.092,893
Nov 22 2016 01: +0,6.851,591
Nov 23 2016 01: +0,6.795,934
Nov 24 2016 01: +0,6.523,768
Nov 25 2016 01: +0,6.518,688
Nov 26 2016 01: +0,6.525,1038
Nov 27 2016 01: +0,6.385,734
Nov 28 2016 01: +0,6.375,737
Nov 29 2016 01: +0,6.542,697
Nov 30 2016 01: +0,6.625,713
Dec 01 2016 01: +0,6.502,570
Dec 02 2016 01: +0,6.651,909
Dec 03 2016 01: +0,6.475,826
Dec 04 2016 01: +0,6.484,882
Dec 05 2016 01: +0,6.75,867
Dec 06 2016 01: +0,6.509,837
Dec 07 2016 01: +0,6.494,707
Dec 08 2016 01: +0,6.483,680
Dec 09 2016 01: +0,6.573,852
Dec 10 2016 01: +0,7.152,1121
Dec 11 2016 01: +0,6.798,1008
Dec 12 2016 01: +0,6.93,1243
Dec 13 2016 01: +0,6.648,894
Dec 14 2016 01: +0,6.706,1012
Dec 15 2016 01: +0,6.659,1451
Dec 16 2016 01: +0,6.544,1313
Dec 17 2016 01: +0,6.467,1073
Dec 18 2016 01: +0,6.732,1470
Dec 19 2016 01: +0,6.446,1059
Dec 20 2016 01: +0,6.803,1299
Dec 21 2016 01: +0,6.383,892
Dec 22 2016 01: +0,6.354,1746
Dec 23 2016 01: +0,5.986,1730
Dec 24 2016 01: +0,5.969,1958
Dec 25 2016 01: +0,6.028,1983
Dec 26 2016 01: +0,6.069,2415
Dec 27 2016 01: +0,6.111,2265
Dec 28 2016 01: +0,6.241,1790
Dec 29 2016 01: +0,6.187,1878
Dec 30 2016 01: +0,6.085,3216
Dec 31 2016 01: +0,6.127,2858
Jan 01 2017 01: +0,6.033,2868
Jan 02 2017 01: +0,5.983,3082
Jan 03 2017 01: +0,6.012,2061
Jan 04 2017 01: +0,6.01,1763
Jan 05 2017 01: +0,6.164,2522
Jan 06 2017 01: +0,6.18,2074
Jan 07 2017 01: +0,6.255,2561
Jan 08 2017 01: +0,6.103,2080
Jan 09 2017 01: +0,6.052,2062
Jan 10 2017 01: +0,6.023,1486
Jan 11 2017 01: +0,6.03,1735
Jan 12 2017 01: +0,6.039,1235
Jan 13 2017 01: +0,6.126,2445
Jan 14 2017 01: +0,6.077,1369
Jan 15 2017 01: +0,6.009,1562
Jan 16 2017 01: +0,6.053,1381
Jan 17 2017 01: +0,6.058,1358
Jan 18 2017 01: +0,6.059,970
Jan 19 2017 01: +0,6.004,1314
Jan 20 2017 01: +0,6.505,1477
Jan 21 2017 01: +0,5.97,1480
Jan 22 2017 01: +0,5.912,1623
Jan 23 2017 01: +0,6.108,1294
Jan 24 2017 01: +0,5.912,1369
Jan 25 2017 01: +0,5.907,997
Jan 26 2017 01: +0,5.873,1611
Jan 27 2017 01: +0,6.078,1246
Jan 28 2017 01: +0,6.107,1496
Jan 29 2017 01: +0,5.854,1477
Jan 30 2017 01: +0,5.858,1299
Jan 31 2017 01: +0,6.139,1938
Feb 01 2017 01: +0,5.944,1262
Feb 02 2017 01: +0,5.961,1587
Feb 03 2017 01: +0,6.008,1220
Feb 04 2017 01: +0,6.075,1348
Feb 05 2017 01: +0,6.099,1309
Feb 06 2017 01: +0,6.175,1520
Feb 07 2017 01: +0,6.251,1349
Feb 08 2017 01: +0,6.335,1177
Feb 09 2017 01: +0,6.3,990
Feb 10 2017 01: +0,6.324,829
Feb 11 2017 01: +0,6.331,1025
Feb 12 2017 01: +0,6.364,1255
Feb 13 2017 01: +0,6.415,1401
Feb 14 2017 01: +0,6.449,896
Feb 15 2017 01: +0,6.461,1084
Feb 16 2017 01: +0,6.466,1006
Feb 17 2017 01: +0,6.515,1037
Feb 18 2017 01: +0,6.483,1188
Feb 19 2017 01: +0,6.532,1153
Feb 20 2017 01: +0,6.515,1371
Feb 21 2017 01: +0,6.492,993
Feb 22 2017 01: +0,6.453,840
Feb 23 2017 01: +0,6.394,846
Feb 24 2017 01: +0,6.416,970
Feb 25 2017 01: +0,6.416,1155
Feb 26 2017 01: +0,6.466,1271
Feb 27 2017 01: +0,6.51,1004
Feb 28 2017 01: +0,6.792,1128
Mar 01 2017 01: +0,6.52,929
Mar 02 2017 01: +0,6.5,744
Mar 03 2017 01: +0,6.46,798
Mar 04 2017 01: +0,6.456,1032
Mar 05 2017 01: +0,6.478,854
Mar 06 2017 01: +0,6.854,1513
Mar 07 2017 01: +0,6.492,735
Mar 08 2017 01: +0,6.491,814
Mar 09 2017 01: +0,6.769,660
Mar 10 2017 01: +0,6.938,1530
Mar 11 2017 01: +0,6.52,983
Mar 12 2017 01: +0,6.771,898
Mar 13 2017 01: +0,6.764,667
Mar 14 2017 01: +0,6.596,1024
Mar 15 2017 01: +0,6.484,858
Mar 16 2017 01: +0,6.493,822
Mar 17 2017 01: +0,6.527,1059
Mar 18 2017 01: +0,6.613,1198
Mar 19 2017 01: +0,6.62,1317
Mar 20 2017 01: +0,6.653,1247
Mar 21 2017 01: +0,6.653,1003
Mar 22 2017 01: +0,6.772,1072
Mar 23 2017 01: +0,6.775,1179
Mar 24 2017 01: +0,6.766,1075
Mar 25 2017 01: +0,6.758,1122
Mar 26 2017 01: +0,6.752,1215
Mar 27 2017 01: +0,6.76,1100
Mar 28 2017 01: +0,6.814,1033
Mar 29 2017 01: +0,7.648,1403
Mar 30 2017 01: +0,6.824,1146
Mar 31 2017 01: +0,6.826,1064
Apr 01 2017 01: +0,6.826,1014
Apr 02 2017 01: +0,6.857,1015
Apr 03 2017 01: +0,6.832,1100
Apr 04 2017 01: +0,6.833,1036
Apr 05 2017 01: +0,6.846,902
Apr 06 2017 01: +0,6.902,1087
Apr 07 2017 01: +0,6.88,880
Apr 08 2017 01: +0,6.875,1264
Apr 09 2017 01: +0,6.838,1079
Apr 10 2017 01: +0,6.832,1019
Apr 11 2017 01: +0,6.809,1194
Apr 12 2017 01: +0,6.791,1378
Apr 13 2017 01: +0,6.809,1212
Apr 14 2017 01: +0,6.852,1116
Apr 15 2017 01: +0,6.822,1297
Apr 16 2017 01: +0,6.827,1084
Apr 17 2017 01: +0,6.812,1186
Apr 18 2017 01: +0,6.979,1085
Apr 19 2017 01: +0,6.842,900
Apr 20 2017 01: +0,6.834,924
Apr 21 2017 01: +0,6.853,925
Apr 22 2017 01: +0,6.844,1096
Apr 23 2017 01: +0,6.857,1389
Apr 24 2017 01: +0,6.85,1060
Apr 25 2017 01: +0,6.88,1044
Apr 26 2017 01: +0,6.841,1034
Apr 27 2017 01: +0,6.845,1200
Apr 28 2017 01: +0,6.917,1205
Apr 29 2017 01: +0,6.93,1151
Apr 30 2017 01: +0,6.912,1081
May 01 2017 01: +0,6.915,1076
May 02 2017 01: +0,6.9,937
May 03 2017 01: +0,6.884,1239
May 04 2017 01: +0,6.901,1047
May 05 2017 01: +0,6.828,1557
May 06 2017 01: +0,6.771,1156
May 07 2017 01: +0,6.741,1325
May 08 2017 01: +0,6.692,908
May 09 2017 01: +0,6.63,1192
May 10 2017 01: +0,6.61,992
May 11 2017 01: +0,6.557,1510
May 12 2017 01: +0,6.554,1008
May 13 2017 01: +0,6.663,1991
May 14 2017 01: +0,6.679,970
May 15 2017 01: +0,6.564,1003
May 16 2017 01: +0,6.7,902
May 17 2017 01: +0,6.713,815
May 18 2017 01: +0,6.655,1190
May 19 2017 01: +0,6.611,927
May 20 2017 01: +0,6.602,1164
May 21 2017 01: +0,6.611,1140
May 22 2017 01: +0,6.617,1079
May 23 2017 01: +0,7.47,1101
May 24 2017 01: +0,6.588,1432
May 25 2017 01: +0,6.596,1556
May 26 2017 01: +0,6.821,1743
May 27 2017 01: +0,6.808,1658
May 28 2017 01: +0,6.78,1761
May 29 2017 01: +0,6.818,1140
May 30 2017 01: +0,6.794,1571
May 31 2017 01: +0,6.804,1734
Jun 01 2017 01: +0,6.71,1496
Jun 02 2017 01: +0,6.698,1359
Jun 03 2017 01: +0,7.038,1674
Jun 04 2017 01: +0,6.727,1368
Jun 05 2017 01: +0,6.704,1344
Jun 06 2017 01: +0,6.675,1217
Jun 07 2017 01: +0,6.659,1120
Jun 08 2017 01: +0,6.631,1115
Jun 09 2017 01: +0,6.626,1280
Jun 10 2017 01: +0,6.626,1003
Jun 11 2017 01: +0,6.598,1356
Jun 12 2017 01: +0,6.583,1454
Jun 13 2017 01: +0,6.581,1123
Jun 14 2017 01: +0,6.554,1036
Jun 15 2017 01: +0,6.824,1713
Jun 16 2017 01: +0,6.075,3497
Jun 17 2017 01: +0,5.898,2710
Jun 18 2017 01: +0,5.929,1793
Jun 19 2017 01: +0,6.287,1671
Jun 20 2017 01: +0,6.064,1923
Jun 21 2017 01: +0,6.293,1393
Jun 22 2017 01: +0,5.939,3072
Jun 23 2017 01: +0,5.754,4106
Jun 24 2017 01: +0,5.634,3608
Jun 25 2017 01: +0,5.615,3141
Jun 26 2017 01: +0,5.72,2473
Jun 27 2017 01: +0,5.685,2910
Jun 28 2017 01: +0,5.752,2611
Jun 29 2017 01: +0,5.771,3432
Jun 30 2017 01: +0,5.765,3570
Jul 01 2017 01: +0,5.739,3647
Jul 02 2017 01: +0,5.659,4881
Jul 03 2017 01: +0,5.582,5210
Jul 04 2017 01: +0,5.744,6907
Jul 05 2017 01: +0,5.53,3806
Jul 06 2017 01: +0,5.579,2294
Jul 07 2017 01: +0,5.589,2470
Jul 08 2017 01: +0,5.551,3594
Jul 09 2017 01: +0,5.518,2465
Jul 10 2017 01: +0,5.48,2658
Jul 11 2017 01: +0,5.453,2407
Jul 12 2017 01: +0,5.82,4316
Jul 13 2017 01: +0,5.399,2564
Jul 14 2017 01: +0,5.352,2281
Jul 15 2017 01: +0,5.369,2403
Jul 16 2017 01: +0,5.44,2546
Jul 17 2017 01: +0,5.471,2506
Jul 18 2017 01: +0,5.363,2253
Jul 19 2017 01: +0,5.405,2069
Jul 20 2017 01: +0,5.74,2682
Jul 21 2017 01: +0,5.71,4671
Jul 22 2017 01: +0,5.152,2405
Jul 23 2017 01: +0,5.274,3169
Jul 24 2017 01: +0,5.216,2332
Jul 25 2017 01: +0,5.725,4609
Jul 26 2017 01: +0,4.961,2478
Jul 27 2017 01: +0,5.271,2207
Jul 28 2017 01: +0,5.125,1976
Jul 29 2017 01: +0,5.265,2730
Jul 30 2017 01: +0,5.214,2493
Jul 31 2017 01: +0,5.275,2139
Aug 01 2017 01: +0,5.281,2207
Aug 02 2017 01: +0,5.393,3155
Aug 03 2017 01: +0,5.412,2130
Aug 04 2017 01: +0,5.435,2512
Aug 05 2017 01: +0,5.492,3108
Aug 06 2017 01: +0,5.749,2682
Aug 07 2017 01: +0,5.339,2002
Aug 08 2017 01: +0,5.279,2123
Aug 09 2017 01: +0,5.327,2522
Aug 10 2017 01: +0,5.449,2681
Aug 11 2017 01: +0,5.466,2443
Aug 12 2017 01: +0,5.187,2863
Aug 13 2017 01: +0,5.112,1844
Aug 14 2017 01: +0,5.256,2365
Aug 15 2017 01: +0,5.327,2413
Aug 16 2017 01: +0,5.325,1891
Aug 17 2017 01: +0,5.585,1878
Aug 18 2017 01: +0,5.391,1670
Aug 19 2017 01: +0,5.224,1907
Aug 20 2017 01: +0,5.371,1944
Aug 21 2017 01: +0,5.851,2554
Aug 22 2017 01: +0,5.513,1964
Aug 23 2017 01: +0,5.394,1846
Aug 24 2017 01: +0,5.312,1941
Aug 25 2017 01: +0,5.316,1605
Aug 26 2017 01: +0,5.366,1523
Aug 27 2017 01: +0,5.381,2436
Aug 28 2017 01: +0,5.552,1479
Aug 29 2017 01: +0,5.681,1752
Aug 30 2017 01: +0,5.528,1860
Aug 31 2017 01: +0,5.576,1576
Sep 01 2017 01: +0,5.566,1378
Sep 02 2017 01: +0,5.611,2022
Sep 03 2017 01: +0,5.632,3186
Sep 04 2017 01: +0,5.595,1667
Sep 05 2017 01: +0,5.633,1613
Sep 06 2017 01: +0,5.676,1486
Sep 07 2017 01: +0,5.667,1380
Sep 08 2017 01: +0,5.719,1922
Sep 09 2017 01: +0,5.696,1632
Sep 10 2017 01: +0,5.666,2380
Sep 11 2017 01: +0,5.661,1988
Sep 12 2017 01: +0,5.633,1834
Sep 13 2017 01: +0,5.653,1641
Sep 14 2017 01: +0,5.638,1784
Sep 15 2017 01: +0,5.616,1441
Sep 16 2017 01: +0,5.594,2072
Sep 17 2017 01: +0,5.6,1997
Sep 18 2017 01: +0,5.579,2365
Sep 19 2017 01: +0,5.552,1470
Sep 20 2017 01: +0,5.573,1980
Sep 21 2017 01: +0,5.598,2244
Sep 22 2017 01: +0,5.554,1919
Sep 23 2017 01: +0,5.522,2232
Sep 24 2017 01: +0,5.551,1998
Sep 25 2017 01: +0,5.649,1538
Sep 26 2017 01: +0,5.486,1357
Sep 27 2017 01: +0,5.493,1701
Sep 28 2017 01: +0,5.965,2351
Sep 29 2017 01: +0,5.564,2227
Sep 30 2017 01: +0,5.614,2307
Oct 01 2017 01: +0,5.872,2255
Oct 02 2017 01: +0,5.875,2491
Oct 03 2017 01: +0,5.869,1937
Oct 04 2017 01: +0,6.131,1877
Oct 05 2017 01: +0,5.702,1987
Oct 06 2017 01: +0,5.716,2360
Oct 07 2017 01: +0,5.739,1653
Oct 08 2017 01: +0,5.743,1692
Oct 09 2017 01: +0,5.748,1336
Oct 10 2017 01: +0,5.806,1449
Oct 11 2017 01: +0,5.825,1211
Oct 12 2017 01: +0,5.831,1821
Oct 13 2017 01: +0,5.825,1395
Oct 14 2017 01: +0,5.806,1729
Oct 15 2017 01: +0,5.865,1715
Oct 16 2017 01: +0,5.874,1333
Oct 17 2017 01: +0,5.828,1512
Oct 18 2017 01: +0,5.81,1058
Oct 19 2017 01: +0,5.822,1384
Oct 20 2017 01: +0,5.802,1533
Oct 21 2017 01: +0,6.037,2823
Oct 22 2017 01: +0,5.77,1371
Oct 23 2017 01: +0,5.776,1354
Oct 24 2017 01: +0,5.75,1294
Oct 25 2017 01: +0,5.95,1684
Oct 26 2017 01: +0,5.703,1631
Oct 27 2017 01: +0,5.704,1782
Oct 28 2017 01: +0,5.682,1466
Oct 29 2017 01: +0,5.692,2062
Oct 30 2017 01: +0,5.727,2414
Oct 31 2017 01: +0,6.027,1508
Nov 01 2017 01: +0,5.918,1883
Nov 02 2017 01: +0,5.929,1589
Nov 03 2017 01: +0,5.716,1710
Nov 04 2017 01: +0,5.702,1911
Nov 05 2017 01: +0,5.692,1457
Nov 06 2017 01: +0,5.677,1446
Nov 07 2017 01: +0,5.723,1506
Nov 08 2017 01: +0,5.771,1506
Nov 09 2017 01: +0,5.947,2009
Nov 10 2017 01: +0,6.503,1781
Nov 11 2017 01: +0,5.788,1463
Nov 12 2017 01: +0,5.801,1917
Nov 13 2017 01: +0,5.808,1398
Nov 14 2017 01: +0,5.821,1232
Nov 15 2017 01: +0,5.873,1588
Nov 16 2017 01: +0,5.837,1162
Nov 17 2017 01: +0,5.983,1572
Nov 18 2017 01: +0,5.926,1530
Nov 19 2017 01: +0,5.933,1571
Nov 20 2017 01: +0,5.957,1175
Nov 21 2017 01: +0,6.571,1834
Nov 22 2017 01: +0,5.893,1261
Nov 23 2017 01: +0,5.867,2188
Nov 24 2017 01: +0,5.745,1768
Nov 25 2017 01: +0,5.779,1909
Nov 26 2017 01: +0,5.726,1598
Nov 27 2017 01: +0,6.034,1672
Nov 28 2017 01: +0,5.823,1193
Nov 29 2017 01: +0,5.864,977
Nov 30 2017 01: +0,6.123,1617
Dec 01 2017 01: +0,5.977,1556
Dec 02 2017 01: +0,5.867,1500
Dec 03 2017 01: +0,5.88,1884
Dec 04 2017 01: +0,5.888,1313
Dec 05 2017 01: +0,5.898,1818
Dec 06 2017 01: +0,5.913,1263
Dec 07 2017 01: +0,6.133,1352
Dec 08 2017 01: +0,5.905,2628
Dec 09 2017 01: +0,6.269,1532
Dec 10 2017 01: +0,6.137,2191
Dec 11 2017 01: +0,6.271,1261
Dec 12 2017 01: +0,5.814,1913
Dec 13 2017 01: +0,5.804,1617
Dec 14 2017 01: +0,6.198,2214
Dec 15 2017 01: +0,5.446,2721
Dec 16 2017 01: +0,5.449,1610
Dec 17 2017 01: +0,5.526,5057
Dec 18 2017 01: +0,5.868,1912
Dec 19 2017 01: +0,5.99,4943
Dec 20 2017 01: +0,5.68,4207
Dec 21 2017 01: +0,5.807,3006
Dec 22 2017 01: +0,5.288,3596
Dec 23 2017 01: +0,5.235,2551
Dec 24 2017 01: +0,5.256,2309
Dec 25 2017 01: +0,5.296,4365
Dec 26 2017 01: +0,5.378,3246
Dec 27 2017 01: +0,5.577,5510
Dec 28 2017 01: +0,5.399,5579
Dec 29 2017 01: +0,5.469,3231
Dec 30 2017 01: +0,5.641,6054
Dec 31 2017 01: +0,5.274,4189
Jan 01 2018 01: +0,5.453,5462
Jan 02 2018 01: +0,5.241,4061
Jan 03 2018 01: +0,5.203,4772
Jan 04 2018 01: +0,5.232,4242
Jan 05 2018 01: +0,5.283,3241
Jan 06 2018 01: +0,5.257,2957
Jan 07 2018 01: +0,5.238,3151
Jan 08 2018 01: +0,5.429,4025
Jan 09 2018 01: +0,5.175,3664
Jan 10 2018 01: +0,5.676,3394
Jan 11 2018 01: +0,5.165,2827
Jan 12 2018 01: +0,5.173,3437
Jan 13 2018 01: +0,5.198,4112
Jan 14 2018 01: +0,5.206,3474
Jan 15 2018 01: +0,5.178,3572
Jan 16 2018 01: +0,5.158,3936
Jan 17 2018 01: +0,5.187,3019
Jan 18 2018 01: +0,5.195,2774
Jan 19 2018 01: +0,5.216,4159
Jan 20 2018 01: +0,5.21,2243
Jan 21 2018 01: +0,5.196,3347
Jan 22 2018 01: +0,5.159,4322
Jan 23 2018 01: +0,5.098,3140
Jan 24 2018 01: +0,5.49,3877
Jan 25 2018 01: +0,5.104,2890
Jan 26 2018 01: +0,5.668,4879
Jan 27 2018 01: +0,4.92,3926
Jan 28 2018 01: +0,5.057,4278
Jan 29 2018 01: +0,4.898,2879
Jan 30 2018 01: +0,4.896,3920
Jan 31 2018 01: +0,5.17,3299
Feb 01 2018 01: +0,4.824,3149
Feb 02 2018 01: +0,5.097,2330
Feb 03 2018 01: +0,4.952,1955
Feb 04 2018 01: +0,5.06,2960
Feb 05 2018 01: +0,5.283,3307
Feb 06 2018 01: +0,4.836,2691
Feb 07 2018 01: +0,4.825,2157
Feb 08 2018 01: +0,4.79,2375
Feb 09 2018 01: +0,4.723,1709
Feb 10 2018 01: +0,4.745,2777
Feb 11 2018 01: +0,4.709,1908
Feb 12 2018 01: +0,4.699,1857
Feb 13 2018 01: +0,4.782,1360
Feb 14 2018 01: +0,4.824,1691
Feb 15 2018 01: +0,4.946,2665
Feb 16 2018 01: +0,5.026,3093
Feb 17 2018 01: +0,4.824,2391
Feb 18 2018 01: +0,4.841,2464
Feb 19 2018 01: +0,4.809,2769
Feb 20 2018 01: +0,5.667,1975
Feb 21 2018 01: +0,4.972,1935
Feb 22 2018 01: +0,4.867,2577
Feb 23 2018 01: +0,4.874,2185
Feb 24 2018 01: +0,4.852,2423
Feb 25 2018 01: +0,4.892,3725
Feb 26 2018 01: +0,4.94,2462
Feb 27 2018 01: +0,4.96,1931
Feb 28 2018 01: +0,5.252,1994
Mar 01 2018 01: +0,5.511,1977
Mar 02 2018 01: +0,5.124,1644
Mar 03 2018 01: +0,5.235,2785
Mar 04 2018 01: +0,5.247,1820
Mar 05 2018 01: +0,5.241,2462
Mar 06 2018 01: +0,5.267,1605
Mar 07 2018 01: +0,5.323,2065
Mar 08 2018 01: +0,5.348,1906
Mar 09 2018 01: +0,5.334,1783
Mar 10 2018 01: +0,5.326,1803
Mar 11 2018 01: +0,5.348,2271
Mar 12 2018 01: +0,5.365,2410
Mar 13 2018 01: +0,5.568,1989
Mar 14 2018 01: +0,5.421,2063
Mar 15 2018 01: +0,5.708,1677
Mar 16 2018 01: +0,5.472,3153
Mar 17 2018 01: +0,5.583,1380
Mar 18 2018 01: +0,5.396,1456
Mar 19 2018 01: +0,6.252,1541
Mar 20 2018 01: +0,5.383,2259
Mar 21 2018 01: +0,5.442,2705
Mar 22 2018 01: +0,5.512,1883
Mar 23 2018 01: +0,5.723,2260
Mar 24 2018 01: +0,5.53,1771
Mar 25 2018 01: +0,5.564,1941
Mar 26 2018 01: +0,5.511,2129
Mar 27 2018 01: +0,5.535,1261
Mar 28 2018 01: +0,6.174,1779
Mar 29 2018 01: +0,5.904,1904
Mar 30 2018 01: +0,5.712,2519
Mar 31 2018 01: +0,5.466,1446
Apr 01 2018 01: +0,5.466,2485
Apr 02 2018 01: +0,5.476,1799
Apr 03 2018 01: +0,5.444,1375
Apr 04 2018 01: +0,5.425,1317
Apr 05 2018 01: +0,5.44,2051
Apr 06 2018 01: +0,5.93,1425
Apr 07 2018 01: +0,5.516,1495
Apr 08 2018 01: +0,5.701,1615
Apr 09 2018 01: +0,5.502,1332
Apr 10 2018 01: +0,5.629,1414
Apr 11 2018 01: +0,5.429,1046
Apr 12 2018 01: +0,5.377,1133
Apr 13 2018 01: +0,5.651,1150
Apr 14 2018 01: +0,5.639,1870
Apr 15 2018 01: +0,5.441,1514
Apr 16 2018 01: +0,5.656,1296
Apr 17 2018 01: +0,5.454,1562
Apr 18 2018 01: +0,7.471,1674
Apr 19 2018 01: +0,5.51,1257
Apr 20 2018 01: +0,5.708,1485
Apr 21 2018 01: +0,5.446,2070
Apr 22 2018 01: +0,5.505,1352
Apr 23 2018 01: +0,5.909,1066
Apr 24 2018 01: +0,5.457,1324
Apr 25 2018 01: +0,5.649,2246
Apr 26 2018 01: +0,5.41,1941
Apr 27 2018 01: +0,5.407,1101
Apr 28 2018 01: +0,5.641,1734
Apr 29 2018 01: +0,5.427,1315
Apr 30 2018 01: +0,5.627,1506
May 01 2018 01: +0,6.153,1770
May 02 2018 01: +0,5.353,2458
May 03 2018 01: +0,5.355,1174
May 04 2018 01: +0,5.373,1297
May 05 2018 01: +0,5.477,1205
May 06 2018 01: +0,5.429,2360
May 07 2018 01: +0,5.638,1243
May 08 2018 01: +0,5.445,1233
May 09 2018 01: +0,5.417,1640
May 10 2018 01: +0,5.549,1204
May 11 2018 01: +0,5.684,1610
May 12 2018 01: +0,5.478,1711
May 13 2018 01: +0,5.487,1089
May 14 2018 01: +0,5.467,1221
May 15 2018 01: +0,5.746,1938
May 16 2018 01: +0,5.354,1483
May 17 2018 01: +0,5.371,1184
May 18 2018 01: +0,5.465,1045
May 19 2018 01: +0,5.654,2153
May 20 2018 01: +0,5.307,1244
May 21 2018 01: +0,5.39,1561
May 22 2018 01: +0,5.265,1269
May 23 2018 01: +0,5.45,1176
May 24 2018 01: +0,5.258,1035
May 25 2018 01: +0,5.516,1415
May 26 2018 01: +0,5.226,4013
May 27 2018 01: +0,5.199,1515
May 28 2018 01: +0,5.242,1510
May 29 2018 01: +0,5.337,2161
May 30 2018 01: +0,5.435,1627
May 31 2018 01: +0,5.045,1727
Jun 01 2018 01: +0,5.113,1228
Jun 02 2018 01: +0,5.127,1615
Jun 03 2018 01: +0,5.127,1177
Jun 04 2018 01: +0,5.146,1142
Jun 05 2018 01: +0,5.325,2365
Jun 06 2018 01: +0,5.195,1329
Jun 07 2018 01: +0,5.32,1155
Jun 08 2018 01: +0,5.068,6526
Jun 09 2018 01: +0,5.052,1066
Jun 10 2018 01: +0,5.265,2512
Jun 11 2018 01: +0,4.999,1229
Jun 12 2018 01: +0,5.604,2380
Jun 13 2018 01: +0,5.119,1721
Jun 14 2018 01: +0,4.922,3418
Jun 15 2018 01: +0,4.811,1736
Jun 16 2018 01: +0,4.956,2183
Jun 17 2018 01: +0,4.77,1418
Jun 18 2018 01: +0,4.86,1847
Jun 19 2018 01: +0,4.779,1819
Jun 20 2018 01: +0,4.797,3180
Jun 21 2018 01: +0,4.703,2230
Jun 22 2018 01: +0,4.59,4852
Jun 23 2018 01: +0,4.544,3706
Jun 24 2018 01: +0,4.551,3590
Jun 25 2018 01: +0,4.683,5813
Jun 26 2018 01: +0,4.448,3108
Jun 27 2018 01: +0,4.408,6430
Jun 28 2018 01: +0,4.34,4723
Jun 29 2018 01: +0,4.285,5538
Jun 30 2018 01: +0,4.204,6068
Jul 01 2018 01: +0,4.246,6603
Jul 02 2018 01: +0,4.003,3777
Jul 03 2018 01: +0,4.082,6256
Jul 04 2018 01: +0,4.007,6813
Jul 05 2018 01: +0,3.893,6873
Jul 06 2018 01: +0,3.961,5622
Jul 07 2018 01: +0,3.983,6854
Jul 08 2018 01: +0,3.953,4356
Jul 09 2018 01: +0,3.863,4135
Jul 10 2018 01: +0,3.846,3389
Jul 11 2018 01: +0,3.879,4488
Jul 12 2018 01: +0,3.855,3928
Jul 13 2018 01: +0,3.808,3063
Jul 14 2018 01: +0,3.817,2262
Jul 15 2018 01: +0,3.987,2761
Jul 16 2018 01: +0,3.942,2713
Jul 17 2018 01: +0,3.851,2393
Jul 18 2018 01: +0,3.823,3494
Jul 19 2018 01: +0,3.838,3924
Jul 20 2018 01: +0,3.899,3073
Jul 21 2018 01: +0,3.827,3410
Jul 22 2018 01: +0,3.828,2225
Jul 23 2018 01: +0,4.111,2594
Jul 24 2018 01: +0,3.776,2491
Jul 25 2018 01: +0,3.859,4594
Jul 26 2018 01: +0,3.994,3589
Jul 27 2018 01: +0,4.022,3138
Jul 28 2018 01: +0,3.969,3979
Jul 29 2018 01: +0,4.024,2300
Jul 30 2018 01: +0,4.079,4242
Jul 31 2018 01: +0,3.999,4550
Aug 01 2018 01: +0,4.052,1927
Aug 02 2018 01: +0,4.189,2498
Aug 03 2018 01: +0,4.217,2995
Aug 04 2018 01: +0,3.928,3575
Aug 05 2018 01: +0,4.249,2745
Aug 06 2018 01: +0,4.043,3491
Aug 07 2018 01: +0,3.873,3378
Aug 08 2018 01: +0,4.351,2875
Aug 09 2018 01: +0,5.079,2973
Aug 10 2018 01: +0,3.948,3796
Aug 11 2018 01: +0,6.113,4299
Aug 12 2018 01: +0,3.909,3989
Aug 13 2018 01: +0,3.886,4168
Aug 14 2018 01: +0,5.996,4837
Aug 15 2018 01: +0,5.757,4547
Aug 16 2018 01: +0,3.844,2431
Aug 17 2018 01: +0,3.861,1616
Aug 18 2018 01: +0,5.051,2829
Aug 19 2018 01: +0,5.995,3598
Aug 20 2018 01: +0,3.73,1455
Aug 21 2018 01: +0,4.274,2061
Aug 22 2018 01: +0,3.888,1825
Aug 23 2018 01: +0,5.115,2691
Aug 24 2018 01: +0,3.953,2566
Aug 25 2018 01: +0,3.819,2273
Aug 26 2018 01: +0,3.728,1916
Aug 27 2018 01: +0,3.725,2154
Aug 28 2018 01: +0,3.906,1793
Aug 29 2018 01: +0,3.749,2104
Aug 30 2018 01: +0,4.178,2074
Aug 31 2018 01: +0,3.802,1940
Sep 01 2018 01: +0,3.736,3255
Sep 02 2018 01: +0,3.703,1873
Sep 03 2018 01: +0,4.114,3942
Sep 04 2018 01: +0,4.181,2131
Sep 05 2018 01: +0,4.021,2939
Sep 06 2018 01: +0,4.094,2105
Sep 07 2018 01: +0,3.897,3569
Sep 08 2018 01: +0,3.822,2800
Sep 09 2018 01: +0,3.791,2309
Sep 10 2018 01: +0,4.026,3623
Sep 11 2018 01: +0,4.171,1796
Sep 12 2018 01: +0,4.447,2220
Sep 13 2018 01: +0,3.911,3147
Sep 14 2018 01: +0,3.764,2332
Sep 15 2018 01: +0,3.788,1691
Sep 16 2018 01: +0,3.794,1818
Sep 17 2018 01: +0,3.959,1329
Sep 18 2018 01: +0,3.841,1175
Sep 19 2018 01: +0,4.129,1628
Sep 20 2018 01: +0,4.003,1397
Sep 21 2018 01: +0,3.903,1214
Sep 22 2018 01: +0,3.904,2410
Sep 23 2018 01: +0,5.037,2996
Sep 24 2018 01: +0,4.211,1830
Sep 25 2018 01: +0,4.631,2227
Sep 26 2018 01: +0,3.996,1234
Sep 27 2018 01: +0,4.203,1048
Sep 28 2018 01: +0,4.772,1579
Sep 29 2018 01: +0,3.978,1676
Sep 30 2018 01: +0,4.147,2094
Oct 01 2018 01: +0,4.468,1660
Oct 02 2018 01: +0,4.37,1939
Oct 03 2018 01: +0,3.977,1729
Oct 04 2018 01: +0,4.748,2068
Oct 05 2018 01: +0,3.938,1769
Oct 06 2018 01: +0,3.915,1667
Oct 07 2018 01: +0,4.579,2252
Oct 08 2018 01: +0,4.103,1403
Oct 09 2018 01: +0,5.187,1426
Oct 10 2018 01: +0,4.051,1692
Oct 11 2018 01: +0,4.401,2741
Oct 12 2018 01: +0,4.413,1177
Oct 13 2018 01: +0,4.193,1281
Oct 14 2018 01: +0,4.081,1372
Oct 15 2018 01: +0,4.118,1571
Oct 16 2018 01: +0,4.338,937
Oct 17 2018 01: +0,3.995,1538
Oct 18 2018 01: +0,4.394,1153
Oct 19 2018 01: +0,4.044,1045
Oct 20 2018 01: +0,4.155,2655
Oct 21 2018 01: +0,4.234,4025
Oct 22 2018 01: +0,3.891,2582
Oct 23 2018 01: +0,5.202,2155
Oct 24 2018 01: +0,4.501,1322
Oct 25 2018 01: +0,4.56,1260
Oct 26 2018 01: +0,4.537,1779
Oct 27 2018 01: +0,3.771,1562
Oct 28 2018 01: +0,4.034,1601
Oct 29 2018 01: +0,3.851,2397
Oct 30 2018 01: +0,3.683,2083
Oct 31 2018 01: +0,3.944,3464
Nov 01 2018 01: +0,3.726,1701
Nov 02 2018 01: +0,3.858,1994
Nov 03 2018 01: +0,3.705,1899
Nov 04 2018 01: +0,3.703,1977
Nov 05 2018 01: +0,3.84,1517
Nov 06 2018 01: +0,3.915,1372
Nov 07 2018 01: +0,3.722,1348
Nov 08 2018 01: +0,3.723,1325
Nov 09 2018 01: +0,3.814,2172
Nov 10 2018 01: +0,4.003,3339
Nov 11 2018 01: +0,4.278,1977
Nov 12 2018 01: +0,3.913,2928
Nov 13 2018 01: +0,5.351,2262
Nov 14 2018 01: +0,3.785,1506
Nov 15 2018 01: +0,3.712,1660
Nov 16 2018 01: +0,3.863,2667
Nov 17 2018 01: +0,3.72,2882
Nov 18 2018 01: +0,3.734,1806
Nov 19 2018 01: +0,3.773,1598
Nov 20 2018 01: +0,3.78,7636
Nov 21 2018 01: +0,3.459,11203
Nov 22 2018 01: +0,3.53,3023
Nov 23 2018 01: +0,3.537,1708
Nov 24 2018 01: +0,3.555,2138
Nov 25 2018 01: +0,3.553,2033
Nov 26 2018 01: +0,3.507,2063
Nov 27 2018 01: +0,3.472,2202
Nov 28 2018 01: +0,4.82,2379
Nov 29 2018 01: +0,3.723,1870
Nov 30 2018 01: +0,3.553,1857
Dec 01 2018 01: +0,3.489,2364
Dec 02 2018 01: +0,6.195,3522
Dec 03 2018 01: +0,6.89,4440
Dec 04 2018 01: +0,5.874,2712
Dec 05 2018 01: +0,7.91,3601
Dec 06 2018 01: +0,12.404,5094
Dec 07 2018 01: +0,8.15,4413
Dec 08 2018 01: +0,5.85,3136
Dec 09 2018 01: +0,8.041,5513
Dec 10 2018 01: +0,8.192,3662
Dec 11 2018 01: +0,6.531,5359
Dec 12 2018 01: +0,6.744,2938
Dec 13 2018 01: +0,7.738,3881
Dec 14 2018 01: +0,3.665,3759
Dec 15 2018 01: +0,3.387,10508
Dec 16 2018 01: +0,3.537,4436
Dec 17 2018 01: +0,3.448,4556
Dec 18 2018 01: +0,3.679,3486
Dec 19 2018 01: +0,3.392,2910
Dec 20 2018 01: +0,3.575,5524
Dec 21 2018 01: +0,2.969,11253
Dec 22 2018 01: +0,2.569,15445
Dec 23 2018 01: +0,2.358,16270
Dec 24 2018 01: +0,2.201,17164
Dec 25 2018 01: +0,2.226,15330
Dec 26 2018 01: +0,2.082,27133
Dec 27 2018 01: +0,1.946,28820
Dec 28 2018 01: +0,1.969,36946
Dec 29 2018 01: +0,1.979,27139
Dec 30 2018 01: +0,1.888,32898
Dec 31 2018 01: +0,1.827,31935
Jan 01 2019 01: +0,1.792,46279
Jan 02 2019 01: +0,1.811,42797
Jan 03 2019 01: +0,1.926,50405
Jan 04 2019 01: +0,2.063,22222
Jan 05 2019 01: +0,1.939,23274
Jan 06 2019 01: +0,1.862,35992
Jan 07 2019 01: +0,1.821,19100
Jan 08 2019 01: +0,1.78,21601
Jan 09 2019 01: +0,1.76,21977
Jan 10 2019 01: +0,1.689,23572
Jan 11 2019 01: +0,1.648,24525
Jan 12 2019 01: +0,1.725,19152
Jan 13 2019 01: +0,1.783,13843
Jan 14 2019 01: +0,1.764,13629
Jan 15 2019 01: +0,1.763,11831
Jan 16 2019 01: +0,1.735,10875
Jan 17 2019 01: +0,1.71,10493
Jan 18 2019 01: +0,1.667,21022
Jan 19 2019 01: +0,1.784,13511
Jan 20 2019 01: +0,1.677,14101
Jan 21 2019 01: +0,1.597,19234
Jan 22 2019 01: +0,1.581,35654
Jan 23 2019 01: +0,1.591,22866
Jan 24 2019 01: +0,1.517,11983
Jan 25 2019 01: +0,1.493,11520
Jan 26 2019 01: +0,1.486,11257
Jan 27 2019 01: +0,1.556,15296
Jan 28 2019 01: +0,2.386,14795
Jan 29 2019 01: +0,1.471,10490
Jan 30 2019 01: +0,1.48,12579
Jan 31 2019 01: +0,1.457,17076
Feb 01 2019 01: +0,1.617,16182
Feb 02 2019 01: +0,1.486,19186
Feb 03 2019 01: +0,1.544,12925
Feb 04 2019 01: +0,1.511,13105
Feb 05 2019 01: +0,1.563,22173
Feb 06 2019 01: +0,1.53,14118
Feb 07 2019 01: +0,1.53,11690
Feb 08 2019 01: +0,1.524,14524
Feb 09 2019 01: +0,1.481,17007
Feb 10 2019 01: +0,1.518,16065
Feb 11 2019 01: +0,1.576,11831
Feb 12 2019 01: +0,1.65,15130
Feb 13 2019 01: +0,1.841,16687
Feb 14 2019 01: +0,1.968,8965
Feb 15 2019 01: +0,2.001,14276
Feb 16 2019 01: +0,2.03,11987
Feb 17 2019 01: +0,1.994,9820
Feb 18 2019 01: +0,1.991,6509
Feb 19 2019 01: +0,2.018,6151
Feb 20 2019 01: +0,2.159,9474
Feb 21 2019 01: +0,2.024,13723
Feb 22 2019 01: +0,1.895,10554
Feb 23 2019 01: +0,2.036,16118
Feb 24 2019 01: +0,1.921,6593
Feb 25 2019 01: +0,2.135,5960
Feb 26 2019 01: +0,1.887,6231
Feb 27 2019 01: +0,1.947,9967
Feb 28 2019 01: +0,2.076,9259
Mar 01 2019 01: +0,1.958,10655
Mar 02 2019 01: +0,1.782,10878
Mar 03 2019 01: +0,1.854,11924
Mar 04 2019 01: +0,1.85,9562
Mar 05 2019 01: +0,1.761,9054
Mar 06 2019 01: +0,1.839,6561
Mar 07 2019 01: +0,1.75,6936
Mar 08 2019 01: +0,1.872,5254
Mar 09 2019 01: +0,1.775,7803
Mar 10 2019 01: +0,1.871,6992
Mar 11 2019 01: +0,1.867,6362
Mar 12 2019 01: +0,1.99,6576
Mar 13 2019 01: +0,1.979,6620
Mar 14 2019 01: +0,2.061,10330
Mar 15 2019 01: +0,1.928,6931
Mar 16 2019 01: +0,1.806,6848
Mar 17 2019 01: +0,1.811,9176
Mar 18 2019 01: +0,1.938,9626
Mar 19 2019 01: +0,1.865,6020
Mar 20 2019 01: +0,1.861,8370
Mar 21 2019 01: +0,1.842,9378
Mar 22 2019 01: +0,1.901,6071
Mar 23 2019 01: +0,1.859,12446
Mar 24 2019 01: +0,1.785,12170
Mar 25 2019 01: +0,1.718,9010
Mar 26 2019 01: +0,1.911,8164
Mar 27 2019 01: +0,1.923,7785
Mar 28 2019 01: +0,2.022,17451
Mar 29 2019 01: +0,1.82,6752
Mar 30 2019 01: +0,1.968,7995
Mar 31 2019 01: +0,1.786,13306
Apr 01 2019 01: +0,1.697,8905
Apr 02 2019 01: +0,1.723,5122
Apr 03 2019 01: +0,1.949,5705
Apr 04 2019 01: +0,2.246,9500
Apr 05 2019 01: +0,1.816,10554
Apr 06 2019 01: +0,2.028,11138
Apr 07 2019 01: +0,1.813,8394
Apr 08 2019 01: +0,1.746,8843
Apr 09 2019 01: +0,2.083,9372
Apr 10 2019 01: +0,2.078,21354
Apr 11 2019 01: +0,1.875,14107
Apr 12 2019 01: +0,1.937,14944
Apr 13 2019 01: +0,1.705,10985
Apr 14 2019 01: +0,1.883,11159
Apr 15 2019 01: +0,1.696,5950
Apr 16 2019 01: +0,1.871,12866
Apr 17 2019 01: +0,1.735,9425
Apr 18 2019 01: +0,1.873,8245
Apr 19 2019 01: +0,1.838,10973
Apr 20 2019 01: +0,1.73,11373
Apr 21 2019 01: +0,1.908,9823
Apr 22 2019 01: +0,1.85,8130
Apr 23 2019 01: +0,1.774,13535
Apr 24 2019 01: +0,1.876,5903
Apr 25 2019 01: +0,2.034,11394
Apr 26 2019 01: +0,2.11,8975
Apr 27 2019 01: +0,1.89,15145
Apr 28 2019 01: +0,1.795,9970
Apr 29 2019 01: +0,1.96,5713
Apr 30 2019 01: +0,2.019,7114
May 01 2019 01: +0,1.813,8642
May 02 2019 01: +0,2.098,11525
May 03 2019 01: +0,1.651,7192
May 04 2019 01: +0,1.974,10365
May 05 2019 01: +0,2.118,12749
May 06 2019 01: +0,1.692,10369
May 07 2019 01: +0,2.815,23307
May 08 2019 01: +0,1.818,11519
May 09 2019 01: +0,1.941,10298
May 10 2019 01: +0,1.557,7470
May 11 2019 01: +0,2.017,14710
May 12 2019 01: +0,1.674,9875
May 13 2019 01: +0,2.065,13931
May 14 2019 01: +0,1.64,4766
May 15 2019 01: +0,1.702,7131
May 16 2019 01: +0,2.22,7689
May 17 2019 01: +0,1.631,4287
May 18 2019 01: +0,1.563,6224
May 19 2019 01: +0,1.66,7136
May 20 2019 01: +0,1.901,13811
May 21 2019 01: +0,1.755,6922
May 22 2019 01: +0,1.88,8010
May 23 2019 01: +0,1.633,6237
May 24 2019 01: +0,1.914,10790
May 25 2019 01: +0,1.635,7046
May 26 2019 01: +0,1.626,8176
May 27 2019 01: +0,1.556,6735
May 28 2019 01: +0,1.578,9728
May 29 2019 01: +0,1.663,7189
May 30 2019 01: +0,1.919,10205
May 31 2019 01: +0,1.606,9915
Jun 01 2019 01: +0,1.723,12973
Jun 02 2019 01: +0,1.699,7898
Jun 03 2019 01: +0,1.758,8577
Jun 04 2019 01: +0,1.802,5412
Jun 05 2019 01: +0,1.664,5402
Jun 06 2019 01: +0,1.775,6311
Jun 07 2019 01: +0,1.706,6914
Jun 08 2019 01: +0,1.738,6209
Jun 09 2019 01: +0,1.725,6647
Jun 10 2019 01: +0,2.159,10674
Jun 11 2019 01: +0,1.666,3701
Jun 12 2019 01: +0,1.778,5571
Jun 13 2019 01: +0,1.78,5856
Jun 14 2019 01: +0,1.718,8539
Jun 15 2019 01: +0,1.76,6318
Jun 16 2019 01: +0,1.708,6456
Jun 17 2019 01: +0,1.681,4863
Jun 18 2019 01: +0,1.804,7609
Jun 19 2019 01: +0,1.845,14246
Jun 20 2019 01: +0,1.919,6697
Jun 21 2019 01: +0,1.935,4628
Jun 22 2019 01: +0,1.782,6529
Jun 23 2019 01: +0,1.781,5033
Jun 24 2019 01: +0,1.839,6423
Jun 25 2019 01: +0,1.952,25113
Jun 26 2019 01: +0,1.929,23012
Jun 27 2019 01: +0,1.824,11805
Jun 28 2019 01: +0,1.777,5771
Jun 29 2019 01: +0,1.783,16573
Jun 30 2019 01: +0,1.77,8368
Jul 01 2019 01: +0,1.824,5647
Jul 02 2019 01: +0,1.844,6755
Jul 03 2019 01: +0,1.879,7952
Jul 04 2019 01: +0,1.91,6736
Jul 05 2019 01: +0,1.928,7330
Jul 06 2019 01: +0,1.91,7467
Jul 07 2019 01: +0,1.898,6485
Jul 08 2019 01: +0,1.888,7734
Jul 09 2019 01: +0,1.965,12971
Jul 10 2019 01: +0,1.934,7918
Jul 11 2019 01: +0,1.974,3306
Jul 12 2019 01: +0,1.982,7252
Jul 13 2019 01: +0,2.059,8139
Jul 14 2019 01: +0,2.019,13825
Jul 15 2019 01: +0,2.148,7214
Jul 16 2019 01: +0,2.345,8874
Jul 17 2019 01: +0,2.518,12424
Jul 18 2019 01: +0,2.779,11296
Jul 19 2019 01: +0,2.726,13251
Jul 20 2019 01: +0,2.604,4162
Jul 21 2019 01: +0,2.508,4169
Jul 22 2019 01: +0,2.488,5101
Jul 23 2019 01: +0,2.456,7115
Jul 24 2019 01: +0,2.501,4445
Jul 25 2019 01: +0,2.656,4067
Jul 26 2019 01: +0,2.539,4149
Jul 27 2019 01: +0,2.443,4429
Jul 28 2019 01: +0,2.501,5857
Jul 29 2019 01: +0,2.675,4090
Jul 30 2019 01: +0,2.516,4078
Jul 31 2019 01: +0,2.437,3678
Aug 01 2019 01: +0,2.483,3028
Aug 02 2019 01: +0,2.555,4976
Aug 03 2019 01: +0,2.44,2429
Aug 04 2019 01: +0,2.417,3164
Aug 05 2019 01: +0,2.473,2072
Aug 06 2019 01: +0,2.38,7580
Aug 07 2019 01: +0,2.499,2379
Aug 08 2019 01: +0,2.403,3501
Aug 09 2019 01: +0,2.395,3104
Aug 10 2019 01: +0,2.416,3312
Aug 11 2019 01: +0,2.493,4720
Aug 12 2019 01: +0,2.451,2871
Aug 13 2019 01: +0,2.789,5691
Aug 14 2019 01: +0,2.392,2852
Aug 15 2019 01: +0,2.364,3310
Aug 16 2019 01: +0,2.455,4687
Aug 17 2019 01: +0,2.431,2745
Aug 18 2019 01: +0,2.345,5266
Aug 19 2019 01: +0,2.439,3578
Aug 20 2019 01: +0,2.335,6089
Aug 21 2019 01: +0,2.293,2806
Aug 22 2019 01: +0,2.322,1771
Aug 23 2019 01: +0,2.403,2851
Aug 24 2019 01: +0,2.385,2920
Aug 25 2019 01: +0,2.382,4866
Aug 26 2019 01: +0,2.494,3503
Aug 27 2019 01: +0,2.276,3467
Aug 28 2019 01: +0,2.331,2931
Aug 29 2019 01: +0,2.311,2653
Aug 30 2019 01: +0,2.807,3154
Aug 31 2019 01: +0,2.358,4341
Sep 01 2019 01: +0,2.275,3102
Sep 02 2019 01: +0,2.308,4600
Sep 03 2019 01: +0,2.315,3676
Sep 04 2019 01: +0,2.525,3227
Sep 05 2019 01: +0,2.292,3018
Sep 06 2019 01: +0,2.563,3824
Sep 07 2019 01: +0,2.376,5773
Sep 08 2019 01: +0,2.451,7566
Sep 09 2019 01: +0,2.267,9670
Sep 10 2019 01: +0,2.253,11998
Sep 11 2019 01: +0,2.352,11986
Sep 12 2019 01: +0,2.262,2648
Sep 13 2019 01: +0,2.277,4431
Sep 14 2019 01: +0,2.278,3598
Sep 15 2019 01: +0,2.28,3093
Sep 16 2019 01: +0,2.437,3276
Sep 17 2019 01: +0,2.34,7140
Sep 18 2019 01: +0,2.467,3503
Sep 19 2019 01: +0,2.568,3289
Sep 20 2019 01: +0,2.346,4997
Sep 21 2019 01: +0,2.484,6030
Sep 22 2019 01: +0,2.28,3175
Sep 23 2019 01: +0,2.335,2842
Sep 24 2019 01: +0,2.479,2528
Sep 25 2019 01: +0,2.421,2877
Sep 26 2019 01: +0,2.387,2510
Sep 27 2019 01: +0,2.441,4459
Sep 28 2019 01: +0,2.473,4428
Sep 29 2019 01: +0,2.56,3218
Sep 30 2019 01: +0,2.482,3257
Oct 01 2019 01: +0,2.351,2592
Oct 02 2019 01: +0,2.37,5878
Oct 03 2019 01: +0,2.388,2620
Oct 04 2019 01: +0,2.519,2618
Oct 05 2019 01: +0,2.551,3181
Oct 06 2019 01: +0,2.519,2619
Oct 07 2019 01: +0,2.647,2953
Oct 08 2019 01: +0,2.507,1866
Oct 09 2019 01: +0,2.815,2502
Oct 10 2019 01: +0,2.743,2508
Oct 11 2019 01: +0,2.572,3258
Oct 12 2019 01: +0,2.554,4873
Oct 13 2019 01: +0,2.768,3375
Oct 14 2019 01: +0,2.552,3299
Oct 15 2019 01: +0,2.583,3764
Oct 16 2019 01: +0,2.607,1969
Oct 17 2019 01: +0,2.594,2361
Oct 18 2019 01: +0,2.937,5906
Oct 19 2019 01: +0,2.549,2615
Oct 20 2019 01: +0,2.584,2284
Oct 21 2019 01: +0,2.544,2480
Oct 22 2019 01: +0,2.667,4056
Oct 23 2019 01: +0,2.654,2195
Oct 24 2019 01: +0,2.859,3010
Oct 25 2019 01: +0,2.63,4002
Oct 26 2019 01: +0,2.616,1708
Oct 27 2019 01: +0,2.519,2029
Oct 28 2019 01: +0,2.85,3030
Oct 29 2019 01: +0,2.549,4350
Oct 30 2019 01: +0,2.571,2385
Oct 31 2019 01: +0,2.584,5460
Nov 01 2019 01: +0,2.667,3032
Nov 02 2019 01: +0,2.605,2508
Nov 03 2019 01: +0,2.61,2705
Nov 04 2019 01: +0,2.713,2766
Nov 05 2019 01: +0,2.838,1830
Nov 06 2019 01: +0,2.652,2488
Nov 07 2019 01: +0,2.639,2138
Nov 08 2019 01: +0,2.716,2120
Nov 09 2019 01: +0,2.651,3214
Nov 10 2019 01: +0,2.673,1943
Nov 11 2019 01: +0,2.616,2889
Nov 12 2019 01: +0,2.592,3718
Nov 13 2019 01: +0,2.688,2790
Nov 14 2019 01: +0,2.724,3339
Nov 15 2019 01: +0,2.579,4923
Nov 16 2019 01: +0,2.774,3487
Nov 17 2019 01: +0,2.633,3365
Nov 18 2019 01: +0,2.667,3085
Nov 19 2019 01: +0,2.779,10900
Nov 20 2019 01: +0,2.616,2538
Nov 21 2019 01: +0,2.95,2350
Nov 22 2019 01: +0,2.746,3273
Nov 23 2019 01: +0,2.509,2836
Nov 24 2019 01: +0,2.744,2920
Nov 25 2019 01: +0,2.522,2683
Nov 26 2019 01: +0,2.501,4349
Nov 27 2019 01: +0,2.459,4801
Nov 28 2019 01: +0,2.443,141
Nov 28 2019 02: +0,2.414,93
Nov 28 2019 03: +0,2.478,44
Nov 28 2019 04: +0,2.462,56
Nov 28 2019 05: +0,2.483,91
Nov 28 2019 06: +0,2.462,225
Nov 28 2019 07: +0,2.458,72
Nov 28 2019 08: +0,2.485,32
Nov 28 2019 09: +0,2.415,59
Nov 28 2019 10: +0,2.462,60
Nov 28 2019 11: +0,2.477,235
Nov 28 2019 12: +0,2.462,136
Nov 28 2019 13: +0,2.459,55
Nov 28 2019 14: +0,2.462,63
Nov 28 2019 15: +0,2.461,107
Nov 28 2019 16: +0,2.452,88
Nov 28 2019 17: +0,2.451,111
Nov 28 2019 18: +0,2.455,121
Nov 28 2019 19: +0,2.435,94
Nov 28 2019 20: +0,2.468,344
Nov 28 2019 21: +0,2.444,121
Nov 28 2019 22: +0,2.455,54
Nov 28 2019 23: +0,2.463,118
Nov 29 2019 00: +0,2.392,142
Nov 29 2019 01: +0,2.463,179
Nov 29 2019 02: +0,2.422,87
Nov 29 2019 03: +0,2.462,49
Nov 29 2019 04: +0,2.452,63
Nov 29 2019 05: +0,3.653,652
Nov 29 2019 06: +0,2.465,163
Nov 29 2019 07: +0,2.464,60
Nov 29 2019 08: +0,2.482,318
Nov 29 2019 09: +0,2.477,78
Nov 29 2019 10: +0,2.478,62
Nov 29 2019 11: +0,2.468,105
Nov 29 2019 12: +0,2.467,113
Nov 29 2019 13: +0,2.468,129
Nov 29 2019 14: +0,2.451,140
Nov 29 2019 15: +0,2.424,130
Nov 29 2019 16: +0,2.438,130
Nov 29 2019 17: +0,2.435,128
Nov 29 2019 18: +0,2.424,205
Nov 29 2019 19: +0,2.461,143
Nov 29 2019 20: +0,2.462,117
Nov 29 2019 21: +0,2.424,107
Nov 29 2019 22: +0,2.461,172
Nov 29 2019 23: +0,2.461,267
Nov 30 2019 00: +0,2.439,61
Nov 30 2019 01: +0,2.458,135
Nov 30 2019 02: +0,2.502,94
Nov 30 2019 03: +0,2.482,30
Nov 30 2019 04: +0,2.459,24
Nov 30 2019 05: +0,2.49,155
Nov 30 2019 06: +0,2.468,98
Nov 30 2019 07: +0,2.493,66
Nov 30 2019 08: +0,2.491,91
Nov 30 2019 09: +0,2.49,235
Nov 30 2019 10: +0,2.478,121
Nov 30 2019 11: +0,2.442,103
Nov 30 2019 12: +0,2.448,107
Nov 30 2019 13: +0,2.462,106
Nov 30 2019 14: +0,2.47,97
Nov 30 2019 15: +0,2.473,256
Nov 30 2019 16: +0,2.462,88
Nov 30 2019 17: +0,2.468,73
Nov 30 2019 18: +0,2.476,127
Nov 30 2019 19: +0,2.47,79
Nov 30 2019 20: +0,2.47,153
Nov 30 2019 21: +0,2.476,2273
Nov 30 2019 22: +0,2.48,456
Nov 30 2019 23: +0,2.462,96
Dec 01 2019 00: +0,2.451,58
Dec 01 2019 01: +0,2.445,38
Dec 01 2019 02: +0,2.498,89
Dec 01 2019 03: +0,2.451,91
Dec 01 2019 04: +0,2.488,62
Dec 01 2019 05: +0,2.502,79
Dec 01 2019 06: +0,2.505,786
Dec 01 2019 07: +0,2.504,140
Dec 01 2019 08: +0,2.488,212
Dec 01 2019 09: +0,2.493,135
Dec 01 2019 10: +0,2.462,90
Dec 01 2019 11: +0,2.462,177
Dec 01 2019 12: +0,2.451,102
Dec 01 2019 13: +0,2.501,96
Dec 01 2019 14: +0,2.437,128
Dec 01 2019 15: +0,2.462,186
Dec 01 2019 16: +0,2.476,99
Dec 01 2019 17: +0,2.431,74
Dec 01 2019 18: +0,2.42,83
Dec 01 2019 19: +0,2.446,131
Dec 01 2019 20: +0,2.45,114
Dec 01 2019 21: +0,2.438,123
Dec 01 2019 22: +0,2.456,99
Dec 01 2019 23: +0,2.45,115
Dec 02 2019 00: +0,2.449,299
Dec 02 2019 01: +0,2.428,34
Dec 02 2019 02: +0,2.449,46
Dec 02 2019 03: +0,4.616,81
Dec 02 2019 04: +0,2.448,89
Dec 02 2019 05: +0,2.448,27
Dec 02 2019 06: +0,2.459,79
Dec 02 2019 07: +0,2.451,80
Dec 02 2019 08: +0,2.451,216
Dec 02 2019 09: +0,2.462,90
Dec 02 2019 10: +0,2.462,105
Dec 02 2019 11: +0,2.481,135
Dec 02 2019 12: +0,2.422,115
Dec 02 2019 13: +0,2.426,100
Dec 02 2019 14: +0,2.474,104
Dec 02 2019 15: +0,2.415,126
Dec 02 2019 16: +0,2.433,133
Dec 02 2019 17: +0,2.461,110
Dec 02 2019 18: +0,2.485,166
Dec 02 2019 19: +0,2.468,67
Dec 02 2019 20: +0,2.438,118
Dec 02 2019 21: +0,2.385,149
Dec 02 2019 22: +0,2.447,337
Dec 02 2019 23: +0,2.457,119
Dec 03 2019 00: +0,2.485,74
Dec 03 2019 01: +0,2.475,128
Dec 03 2019 02: +0,2.451,76
Dec 03 2019 03: +0,2.451,79
Dec 03 2019 04: +0,2.461,73
Dec 03 2019 05: +0,2.415,61
Dec 03 2019 06: +0,2.464,34
Dec 03 2019 07: +0,2.449,108
Dec 03 2019 08: +0,2.475,288
Dec 03 2019 09: +0,2.459,84
Dec 03 2019 10: +0,2.463,153
Dec 03 2019 11: +0,2.458,100
Dec 03 2019 12: +0,2.448,74
Dec 03 2019 13: +0,2.467,155
Dec 03 2019 14: +0,2.467,102
Dec 03 2019 15: +0,2.444,126
Dec 03 2019 16: +0,2.476,137
Dec 03 2019 17: +0,2.472,100
Dec 03 2019 18: +0,2.496,178
Dec 03 2019 19: +0,2.503,175
Dec 03 2019 20: +0,2.444,134
Dec 03 2019 21: +0,2.472,395
Dec 03 2019 22: +0,2.509,197
Dec 03 2019 23: +0,2.497,143
Dec 04 2019 00: +0,2.498,86
Dec 04 2019 01: +0,2.477,84
Dec 04 2019 02: +0,2.496,68
Dec 04 2019 03: +0,2.496,582
Dec 04 2019 04: +0,2.453,150
Dec 04 2019 05: +0,2.496,105
Dec 04 2019 06: +0,2.521,83
Dec 04 2019 07: +0,2.508,216
Dec 04 2019 08: +0,2.521,102
Dec 04 2019 09: +0,2.521,271
Dec 04 2019 10: +0,2.481,75
Dec 04 2019 11: +0,2.506,52
Dec 04 2019 12: +0,2.506,93
Dec 04 2019 13: +0,2.521,90
Dec 04 2019 14: +0,2.481,201
Dec 04 2019 15: +0,2.498,100
Dec 04 2019 16: +0,2.513,298
Dec 04 2019 17: +0,2.508,772
Dec 04 2019 18: +0,2.525,311
Dec 04 2019 19: +0,2.504,227
Dec 04 2019 20: +0,2.501,177
Dec 04 2019 21: +0,2.521,71
Dec 04 2019 22: +0,2.521,87
Dec 04 2019 23: +0,2.521,57
Dec 05 2019 00: +0,2.516,68
Dec 05 2019 01: +0,2.523,94
Dec 05 2019 02: +0,2.518,90
Dec 05 2019 03: +0,2.502,70
Dec 05 2019 04: +0,2.497,43
Dec 05 2019 05: +0,2.51,65
Dec 05 2019 06: +0,2.494,97
Dec 05 2019 07: +0,2.465,77
Dec 05 2019 08: +0,2.473,265
Dec 05 2019 09: +0,2.446,115
Dec 05 2019 10: +0,2.468,156
Dec 05 2019 11: +0,2.443,82
Dec 05 2019 12: +0,2.46,66
Dec 05 2019 13: +0,2.46,127
Dec 05 2019 14: +0,2.477,278
Dec 05 2019 15: +0,2.471,104
Dec 05 2019 16: +0,2.509,156
Dec 05 2019 17: +0,2.502,339
Dec 05 2019 18: +0,7.299,485
Dec 05 2019 19: +0,2.472,175
Dec 05 2019 20: +0,2.48,154
Dec 05 2019 21: +0,2.502,113
Dec 05 2019 22: +0,2.509,149
Dec 05 2019 23: +0,2.451,160
Dec 06 2019 00: +0,2.482,62
Dec 06 2019 01: +0,2.5,55
Dec 06 2019 02: +0,2.49,81
Dec 06 2019 03: +0,2.483,42
Dec 06 2019 04: +0,2.513,377
Dec 06 2019 05: +0,2.5,86
Dec 06 2019 06: +0,2.505,48
Dec 06 2019 07: +0,2.495,158
Dec 06 2019 08: +0,2.503,322
Dec 06 2019 09: +0,2.557,277
Dec 06 2019 10: +0,2.578,263
Dec 06 2019 11: +0,2.517,171
Dec 06 2019 12: +0,2.571,65
Dec 06 2019 13: +0,2.545,187
Dec 06 2019 14: +0,2.543,45
Dec 06 2019 15: +0,2.542,200
Dec 06 2019 16: +0,2.502,167
Dec 06 2019 17: +0,2.584,123
Dec 06 2019 18: +0,2.582,310
Dec 06 2019 19: +0,2.6,152
Dec 06 2019 20: +0,2.62,46
Dec 06 2019 21: +0,2.62,252
Dec 06 2019 22: +0,2.604,71
Dec 06 2019 23: +0,2.591,69
Dec 07 2019 00: +0,2.585,113
Dec 07 2019 01: +0,2.591,1605
Dec 07 2019 02: +0,2.595,186
Dec 07 2019 03: +0,2.593,148
Dec 07 2019 04: +0,2.585,30
Dec 07 2019 05: +0,2.576,57
Dec 07 2019 06: +0,2.576,59
Dec 07 2019 07: +0,2.591,146
Dec 07 2019 08: +0,2.591,393
Dec 07 2019 09: +0,2.604,191
Dec 07 2019 10: +0,2.584,237
Dec 07 2019 11: +0,2.538,76
Dec 07 2019 12: +0,2.571,148
Dec 07 2019 13: +0,2.586,242
Dec 07 2019 14: +0,2.528,153
Dec 07 2019 15: +0,2.607,361
Dec 07 2019 16: +0,2.566,398
Dec 07 2019 17: +0,2.521,99
Dec 07 2019 18: +0,2.536,968
Dec 07 2019 19: +0,2.55,305
Dec 07 2019 20: +0,2.567,141
Dec 07 2019 21: +0,2.554,125
Dec 07 2019 22: +0,2.545,88
Dec 07 2019 23: +0,2.545,83
Dec 08 2019 00: +0,2.447,120
Dec 08 2019 01: +0,2.566,94
Dec 08 2019 02: +0,2.48,121
Dec 08 2019 03: +0,2.525,79
Dec 08 2019 04: +0,2.529,39
Dec 08 2019 05: +0,2.556,29
Dec 08 2019 06: +0,2.562,72
Dec 08 2019 07: +0,2.532,56
Dec 08 2019 08: +0,2.521,56
Dec 08 2019 09: +0,2.536,121
Dec 08 2019 10: +0,2.543,70
Dec 08 2019 11: +0,2.528,145
Dec 08 2019 12: +0,2.517,171
Dec 08 2019 13: +0,2.533,198
Dec 08 2019 14: +0,2.533,128
Dec 08 2019 15: +0,2.536,135
Dec 08 2019 16: +0,2.523,155
Dec 08 2019 17: +0,2.525,100
Dec 08 2019 18: +0,2.523,80
Dec 08 2019 19: +0,2.521,159
Dec 08 2019 20: +0,4.931,1270
Dec 08 2019 21: +0,2.543,311
Dec 08 2019 22: +0,2.572,147
Dec 08 2019 23: +0,2.561,92
Dec 09 2019 00: +0,2.585,66
Dec 09 2019 01: +0,2.579,26
Dec 09 2019 02: +0,2.521,61
Dec 09 2019 03: +0,2.58,44
Dec 09 2019 04: +0,2.591,218
Dec 09 2019 05: +0,2.585,390
Dec 09 2019 06: +0,2.585,138
Dec 09 2019 07: +0,2.584,107
Dec 09 2019 08: +0,2.585,75
Dec 09 2019 09: +0,2.595,55
Dec 09 2019 10: +0,2.596,67
Dec 09 2019 11: +0,2.587,68
Dec 09 2019 12: +0,2.621,110
Dec 09 2019 13: +0,2.629,79
Dec 09 2019 14: +0,2.613,173
Dec 09 2019 15: +0,2.606,143
Dec 09 2019 16: +0,2.625,83
Dec 09 2019 17: +0,2.62,134
Dec 09 2019 18: +0,2.63,2238
Dec 09 2019 19: +0,2.64,276
Dec 09 2019 20: +0,2.636,93
Dec 09 2019 21: +0,2.609,149
Dec 09 2019 22: +0,2.591,159
Dec 09 2019 23: +0,2.622,655
Dec 10 2019 00: +0,2.619,112
Dec 10 2019 01: +0,2.601,86
Dec 10 2019 02: +0,2.627,91
Dec 10 2019 03: +0,2.614,100
Dec 10 2019 04: +0,2.578,68
Dec 10 2019 05: +0,2.621,58
Dec 10 2019 06: +0,2.622,28
Dec 10 2019 07: +0,2.633,93
Dec 10 2019 08: +0,2.623,70
Dec 10 2019 09: +0,2.613,46
Dec 10 2019 10: +0,2.604,135
Dec 10 2019 11: +0,2.612,105
Dec 10 2019 12: +0,2.601,50
Dec 10 2019 13: +0,2.611,114
Dec 10 2019 14: +0,2.609,88
Dec 10 2019 15: +0,2.603,184
Dec 10 2019 16: +0,2.609,121
Dec 10 2019 17: +0,2.603,180
Dec 10 2019 18: +0,2.607,310
Dec 10 2019 19: +0,2.591,79
Dec 10 2019 20: +0,2.577,64
Dec 10 2019 21: +0,2.589,97
Dec 10 2019 22: +0,2.591,105
Dec 10 2019 23: +0,2.598,91
Dec 11 2019 00: +0,2.591,45
Dec 11 2019 01: +0,2.594,69
Dec 11 2019 02: +0,2.595,43
Dec 11 2019 03: +0,2.595,21
Dec 11 2019 04: +0,2.596,50
Dec 11 2019 05: +0,2.603,157
Dec 11 2019 06: +0,2.602,52
Dec 11 2019 07: +0,2.589,124
Dec 11 2019 08: +0,2.602,97
Dec 11 2019 09: +0,2.602,266
Dec 11 2019 10: +0,2.601,263
Dec 11 2019 11: +0,2.595,75
Dec 11 2019 12: +0,2.599,88
Dec 11 2019 13: +0,2.58,254
Dec 11 2019 14: +0,2.572,111
Dec 11 2019 15: +0,2.585,235
Dec 11 2019 16: +0,2.553,154
Dec 11 2019 17: +0,2.548,135
Dec 11 2019 18: +0,2.532,294
Dec 11 2019 19: +0,2.548,200
Dec 11 2019 20: +0,2.549,124
Dec 11 2019 21: +0,2.544,69
Dec 11 2019 22: +0,2.544,131
Dec 11 2019 23: +0,2.538,61
Dec 12 2019 00: +0,2.521,213
Dec 12 2019 01: +0,2.534,145
Dec 12 2019 02: +0,2.535,331
Dec 12 2019 03: +0,2.521,217
Dec 12 2019 04: +0,2.521,302
Dec 12 2019 05: +0,2.518,95
Dec 12 2019 06: +0,4.991,619
Dec 12 2019 07: +0,2.499,394
Dec 12 2019 08: +0,2.502,252
Dec 12 2019 09: +0,4.91,1338
Dec 12 2019 10: +0,2.48,386
Dec 12 2019 11: +0,2.475,651
Dec 12 2019 12: +0,2.457,212
Dec 12 2019 13: +0,2.41,152
Dec 12 2019 14: +0,21.636,993
Dec 12 2019 15: +0,4.778,1282
Dec 12 2019 16: +0,9.625,1469
Dec 12 2019 17: +0,7.263,1239
Dec 12 2019 18: +0,4.813,1152
Dec 12 2019 19: +0,2.482,2631
Dec 12 2019 20: +0,2.494,886
Dec 12 2019 21: +0,4.991,1190
Dec 12 2019 22: +0,2.515,734
Dec 12 2019 23: +0,2.47,117
Dec 13 2019 00: +0,2.491,289
Dec 13 2019 01: +0,2.476,149
Dec 13 2019 02: +0,2.486,148
Dec 13 2019 03: +0,12.379,478
Dec 13 2019 04: +0,4.958,663
Dec 13 2019 05: +0,2.482,180
Dec 13 2019 06: +0,27.28,3732
Dec 13 2019 07: +0,2.438,319
Dec 13 2019 08: +0,2.434,412
Dec 13 2019 09: +0,2.418,402
Dec 13 2019 10: +0,2.321,1383
Dec 13 2019 11: +0,2.275,443
Dec 13 2019 12: +0,2.15,658
Dec 13 2019 13: +0,2.146,613
Dec 13 2019 14: +0,2.151,512
Dec 13 2019 15: +0,2.237,252
Dec 13 2019 16: +0,2.298,270
Dec 13 2019 17: +0,2.262,315
Dec 13 2019 18: +0,2.254,173
Dec 13 2019 19: +0,2.286,471
Dec 13 2019 20: +0,2.286,187
Dec 13 2019 21: +0,2.264,157
Dec 13 2019 22: +0,2.293,187
Dec 13 2019 23: +0,2.266,258
Dec 14 2019 00: +0,2.264,130
Dec 14 2019 01: +0,2.264,212
Dec 14 2019 02: +0,2.308,141
Dec 14 2019 03: +0,2.309,371
Dec 14 2019 04: +0,2.308,141
Dec 14 2019 05: +0,2.308,85
Dec 14 2019 06: +0,2.309,111
Dec 14 2019 07: +0,2.307,151
Dec 14 2019 08: +0,2.295,357
Dec 14 2019 09: +0,2.308,173
Dec 14 2019 10: +0,2.308,143
Dec 14 2019 11: +0,2.298,240
Dec 14 2019 12: +0,2.307,279
Dec 14 2019 13: +0,2.304,207
Dec 14 2019 14: +0,2.298,118
Dec 14 2019 15: +0,2.307,287
Dec 14 2019 16: +0,2.304,396
Dec 14 2019 17: +0,2.316,240
Dec 14 2019 18: +0,2.316,145
Dec 14 2019 19: +0,2.314,276
Dec 14 2019 20: +0,2.316,144
Dec 14 2019 21: +0,2.318,169
Dec 14 2019 22: +0,2.311,256
Dec 14 2019 23: +0,2.313,159
Dec 15 2019 00: +0,2.304,157
Dec 15 2019 01: +0,2.317,200
Dec 15 2019 02: +0,2.317,85
Dec 15 2019 03: +0,2.316,242
Dec 15 2019 04: +0,2.317,119
Dec 15 2019 05: +0,2.323,111
Dec 15 2019 06: +0,2.326,236
Dec 15 2019 07: +0,2.332,53
Dec 15 2019 08: +0,2.378,516
Dec 15 2019 09: +0,2.378,230
Dec 15 2019 10: +0,2.376,185
Dec 15 2019 11: +0,2.376,467
Dec 15 2019 12: +0,2.391,213
Dec 15 2019 13: +0,2.395,170
Dec 15 2019 14: +0,2.395,118
Dec 15 2019 15: +0,2.392,167
Dec 15 2019 16: +0,2.401,344
Dec 15 2019 17: +0,2.383,169
Dec 15 2019 18: +0,2.358,265
Dec 15 2019 19: +0,2.378,148
Dec 15 2019 20: +0,2.377,170
Dec 15 2019 21: +0,2.373,109
Dec 15 2019 22: +0,2.375,132
Dec 15 2019 23: +0,2.376,223
Dec 16 2019 00: +0,2.376,114
Dec 16 2019 01: +0,2.379,60
Dec 16 2019 02: +0,2.36,301
Dec 16 2019 03: +0,2.393,1118
Dec 16 2019 04: +0,2.38,167
Dec 16 2019 05: +0,2.378,117
Dec 16 2019 06: +0,2.366,49
Dec 16 2019 07: +0,2.368,171
Dec 16 2019 08: +0,2.377,368
Dec 16 2019 09: +0,2.342,192
Dec 16 2019 10: +0,2.342,124
Dec 16 2019 11: +0,2.36,271
Dec 16 2019 12: +0,2.378,172
Dec 16 2019 13: +0,2.368,112
Dec 16 2019 14: +0,2.343,633
Dec 16 2019 15: +0,2.328,2045
Dec 16 2019 16: +0,2.333,375
Dec 16 2019 17: +0,2.331,347
Dec 16 2019 18: +0,2.331,137
Dec 16 2019 19: +0,2.284,144
Dec 16 2019 20: +0,2.3,175
Dec 16 2019 21: +0,2.268,652
Dec 16 2019 22: +0,2.317,247
Dec 16 2019 23: +0,2.318,156
Dec 17 2019 00: +0,2.285,75
Dec 17 2019 01: +0,2.31,1420
Dec 17 2019 02: +0,2.327,163
Dec 17 2019 03: +0,2.326,78
Dec 17 2019 04: +0,2.327,148
Dec 17 2019 05: +0,4.582,1594
Dec 17 2019 06: +0,2.326,346
Dec 17 2019 07: +0,2.267,92
Dec 17 2019 08: +0,2.326,586
Dec 17 2019 09: +0,2.319,180
Dec 17 2019 10: +0,2.322,352
Dec 17 2019 11: +0,2.312,97
Dec 17 2019 12: +0,2.312,261
Dec 17 2019 13: +0,2.311,106
Dec 17 2019 14: +0,2.299,306
Dec 17 2019 15: +0,2.307,307
Dec 17 2019 16: +0,2.299,174
Dec 17 2019 17: +0,2.302,432
Dec 17 2019 18: +0,2.241,137
Dec 17 2019 19: +0,2.234,1331
Dec 17 2019 20: +0,2.259,234
Dec 17 2019 21: +0,2.243,123
Dec 17 2019 22: +0,2.237,168
Dec 17 2019 23: +0,2.231,139
Dec 18 2019 00: +0,2.233,60
Dec 18 2019 01: +0,2.219,91
Dec 18 2019 02: +0,2.23,105
Dec 18 2019 03: +0,2.231,161
Dec 18 2019 04: +0,2.232,106
Dec 18 2019 05: +0,2.228,313
Dec 18 2019 06: +0,2.219,137
Dec 18 2019 07: +0,2.22,232
Dec 18 2019 08: +0,2.233,374
Dec 18 2019 09: +0,2.234,475
Dec 18 2019 10: +0,2.219,154
Dec 18 2019 11: +0,2.218,300
Dec 18 2019 12: +0,2.225,266
Dec 18 2019 13: +0,2.225,227
Dec 18 2019 14: +0,2.224,133
Dec 18 2019 15: +0,2.222,265
Dec 18 2019 16: +0,2.215,268
Dec 18 2019 17: +0,2.202,181
Dec 18 2019 18: +0,2.227,902
Dec 18 2019 19: +0,2.202,1148
Dec 18 2019 20: +0,2.214,1504
Dec 18 2019 21: +0,2.155,1042
Dec 18 2019 22: +0,2.185,339
Dec 18 2019 23: +0,2.137,225
Dec 19 2019 00: +0,2.182,97
Dec 19 2019 01: +0,2.178,298
Dec 19 2019 02: +0,2.181,94
Dec 19 2019 03: +0,2.178,97
Dec 19 2019 04: +0,2.182,91
Dec 19 2019 05: +0,2.17,178
Dec 19 2019 06: +0,2.159,125
Dec 19 2019 07: +0,2.163,66
Dec 19 2019 08: +0,2.17,480
Dec 19 2019 09: +0,2.16,241
Dec 19 2019 10: +0,2.157,260
Dec 19 2019 11: +0,2.157,496
Dec 19 2019 12: +0,2.16,168
Dec 19 2019 13: +0,2.15,365
Dec 19 2019 14: +0,2.158,336
Dec 19 2019 15: +0,2.148,609
Dec 19 2019 16: +0,2.117,175
Dec 19 2019 17: +0,2.124,789
Dec 19 2019 18: +0,2.128,529
Dec 19 2019 19: +0,2.108,316
Dec 19 2019 20: +0,2.101,554
Dec 19 2019 21: +0,2.102,503
Dec 19 2019 22: +0,2.101,356
Dec 19 2019 23: +0,2.101,313
Dec 20 2019 00: +0,2.115,231
Dec 20 2019 01: +0,2.101,247
Dec 20 2019 02: +0,2.19,348
Dec 20 2019 03: +0,2.098,339
Dec 20 2019 04: +0,2.095,467
Dec 20 2019 05: +0,2.129,908
Dec 20 2019 06: +0,2.105,170
Dec 20 2019 07: +0,2.093,125
Dec 20 2019 08: +0,2.087,647
Dec 20 2019 09: +0,2.057,3241
Dec 20 2019 10: +0,2.075,485
Dec 20 2019 11: +0,2.095,213
Dec 20 2019 12: +0,2.098,216
Dec 20 2019 13: +0,2.108,524
Dec 20 2019 14: +0,2.115,549
Dec 20 2019 15: +0,2.101,488
Dec 20 2019 16: +0,2.056,536
Dec 20 2019 17: +0,2.044,404
Dec 20 2019 18: +0,2.058,762
Dec 20 2019 19: +0,2.101,315
Dec 20 2019 20: +0,2.08,451
Dec 20 2019 21: +0,2.101,247
Dec 20 2019 22: +0,2.094,337
Dec 20 2019 23: +0,2.101,470
Dec 21 2019 00: +0,2.129,162
Dec 21 2019 01: +0,2.099,171
Dec 21 2019 02: +0,2.127,246
Dec 21 2019 03: +0,2.171,140
Dec 21 2019 04: +0,2.172,1052
Dec 21 2019 05: +0,2.214,138
Dec 21 2019 06: +0,2.226,207
Dec 21 2019 07: +0,2.172,121
Dec 21 2019 08: +0,2.227,407
Dec 21 2019 09: +0,2.238,134
Dec 21 2019 10: +0,2.239,201
Dec 21 2019 11: +0,2.241,141
Dec 21 2019 12: +0,2.217,199
Dec 21 2019 13: +0,2.201,127
Dec 21 2019 14: +0,2.251,242
Dec 21 2019 15: +0,2.254,282
Dec 21 2019 16: +0,2.249,296
Dec 21 2019 17: +0,2.249,529
Dec 21 2019 18: +0,4.188,995
Dec 21 2019 19: +0,4.188,643
Dec 21 2019 20: +0,4.188,544
Dec 21 2019 21: +0,4.202,528
Dec 21 2019 22: +0,2.283,320
Dec 21 2019 23: +0,2.249,357
Dec 22 2019 00: +0,2.249,210
Dec 22 2019 01: +0,2.248,717
Dec 22 2019 02: +0,2.296,411
Dec 22 2019 03: +0,2.249,223
Dec 22 2019 04: +0,2.296,200
Dec 22 2019 05: +0,2.255,148
Dec 22 2019 06: +0,2.285,150
Dec 22 2019 07: +0,2.241,115
Dec 22 2019 08: +0,2.285,250
Dec 22 2019 09: +0,2.319,279
Dec 22 2019 10: +0,2.319,492
Dec 22 2019 11: +0,2.387,576
Dec 22 2019 12: +0,2.327,298
Dec 22 2019 13: +0,2.327,567
Dec 22 2019 14: +0,2.327,404
Dec 22 2019 15: +0,2.358,322
Dec 22 2019 16: +0,2.246,216
Dec 22 2019 17: +0,2.175,284
Dec 22 2019 18: +0,2.204,188
Dec 22 2019 19: +0,2.172,317
Dec 22 2019 20: +0,2.166,411
Dec 22 2019 21: +0,2.142,549
Dec 22 2019 22: +0,2.139,275
Dec 22 2019 23: +0,4.188,287
Dec 23 2019 00: +0,2.191,598
Dec 23 2019 01: +0,2.172,467
Dec 23 2019 02: +0,2.282,240
Dec 23 2019 03: +0,2.216,158
Dec 23 2019 04: +0,2.129,161
Dec 23 2019 05: +0,2.141,198
Dec 23 2019 06: +0,4.28,510
Dec 23 2019 07: +0,4.28,337
Dec 23 2019 08: +0,2.253,174
Dec 23 2019 09: +0,2.249,120
Dec 23 2019 10: +0,2.302,157
Dec 23 2019 11: +0,2.248,143
Dec 23 2019 12: +0,2.249,1050
Dec 23 2019 13: +0,2.191,162
Dec 23 2019 14: +0,2.174,321
Dec 23 2019 15: +0,2.281,243
Dec 23 2019 16: +0,2.229,295
Dec 23 2019 17: +0,2.14,556
Dec 23 2019 18: +0,2.14,520
Dec 23 2019 19: +0,2.139,2283
Dec 23 2019 20: +0,4.153,716
Dec 23 2019 21: +0,2.157,345
Dec 23 2019 22: +0,2.171,110
Dec 23 2019 23: +0,2.198,161
Dec 24 2019 00: +0,2.215,333
Dec 24 2019 01: +0,2.218,107
Dec 24 2019 02: +0,2.226,735
Dec 24 2019 03: +0,2.171,140
Dec 24 2019 04: +0,2.177,92
Dec 24 2019 05: +0,2.199,81
Dec 24 2019 06: +0,2.191,366
Dec 24 2019 07: +0,2.293,1322
Dec 24 2019 08: +0,2.304,351
Dec 24 2019 09: +0,2.295,1877
Dec 24 2019 10: +0,2.293,2460
Dec 24 2019 11: +0,2.295,777
Dec 24 2019 12: +0,2.293,232
Dec 24 2019 13: +0,2.298,686
Dec 24 2019 14: +0,2.281,208
Dec 24 2019 15: +0,2.283,406
Dec 24 2019 16: +0,2.249,716
Dec 24 2019 17: +0,2.173,1084
Dec 24 2019 18: +0,2.174,178
Dec 24 2019 19: +0,2.174,597
Dec 24 2019 20: +0,2.174,290
Dec 24 2019 21: +0,2.171,342
Dec 24 2019 22: +0,2.248,476
Dec 24 2019 23: +0,2.177,287
Dec 25 2019 00: +0,2.225,97
Dec 25 2019 01: +0,2.216,418
Dec 25 2019 02: +0,2.205,125
Dec 25 2019 03: +0,2.241,118
Dec 25 2019 04: +0,2.244,81
Dec 25 2019 05: +0,2.229,132
Dec 25 2019 06: +0,2.227,192
Dec 25 2019 07: +0,2.228,107
Dec 25 2019 08: +0,2.228,188
Dec 25 2019 09: +0,2.229,352
Dec 25 2019 10: +0,2.226,335
Dec 25 2019 11: +0,2.206,168
Dec 25 2019 12: +0,2.196,464
Dec 25 2019 13: +0,2.214,947
Dec 25 2019 14: +0,2.157,283
Dec 25 2019 15: +0,2.157,543
Dec 25 2019 16: +0,2.157,439
Dec 25 2019 17: +0,2.157,518
Dec 25 2019 18: +0,2.175,389
Dec 25 2019 19: +0,2.208,281
Dec 25 2019 20: +0,2.167,733
Dec 25 2019 21: +0,2.139,540
Dec 25 2019 22: +0,2.139,588
Dec 25 2019 23: +0,2.204,246
Dec 26 2019 00: +0,2.186,184
Dec 26 2019 01: +0,2.148,166
Dec 26 2019 02: +0,2.175,276
Dec 26 2019 03: +0,2.136,227
Dec 26 2019 04: +0,2.191,192
Dec 26 2019 05: +0,2.171,149
Dec 26 2019 06: +0,2.206,160
Dec 26 2019 07: +0,2.215,138
Dec 26 2019 08: +0,2.22,430
Dec 26 2019 09: +0,2.171,241
Dec 26 2019 10: +0,2.218,301
Dec 26 2019 11: +0,2.2,237
Dec 26 2019 12: +0,2.219,403
Dec 26 2019 13: +0,2.196,139
Dec 26 2019 14: +0,2.2,506
Dec 26 2019 15: +0,2.216,293
Dec 26 2019 16: +0,2.216,321
Dec 26 2019 17: +0,2.186,209
Dec 26 2019 18: +0,2.171,315
Dec 26 2019 19: +0,2.175,367
Dec 26 2019 20: +0,2.17,330
Dec 26 2019 21: +0,2.171,283
Dec 26 2019 22: +0,2.164,536
Dec 26 2019 23: +0,2.19,361
Dec 27 2019 00: +0,2.17,154
Dec 27 2019 01: +0,2.182,233
Dec 27 2019 02: +0,2.204,123
Dec 27 2019 03: +0,2.218,142
Dec 27 2019 04: +0,2.204,955
Dec 27 2019 05: +0,2.223,449
Dec 27 2019 06: +0,2.231,449
Dec 27 2019 07: +0,2.252,460
Dec 27 2019 08: +0,2.279,148
Dec 27 2019 09: +0,2.231,256
Dec 27 2019 10: +0,2.246,163
Dec 27 2019 11: +0,2.21,532
Dec 27 2019 12: +0,2.258,392
Dec 27 2019 13: +0,2.224,325
Dec 27 2019 14: +0,2.223,272
Dec 27 2019 15: +0,2.297,277
Dec 27 2019 16: +0,2.19,320
Dec 27 2019 17: +0,2.198,395
Dec 27 2019 18: +0,2.212,341
Dec 27 2019 19: +0,2.198,199
Dec 27 2019 20: +0,2.174,437
Dec 27 2019 21: +0,2.231,212
Dec 27 2019 22: +0,2.291,136
Dec 27 2019 23: +0,2.264,284
Dec 28 2019 00: +0,2.256,180
